quando|cidade|pais|nascer_do_sol|por_do_sol|velocidade_vento|ang_vento|visibilidade|temperatura_min|temperatura_max|pressao|umidade|sensacao_termica|condicao_meteorologica|descricao|longitude|latitude
2021-09-21 18:57:08|São Paulo|BR|2021-09-21 05:56:58|2021-09-21 18:02:12|5.14|140|4000|15.08|17.94|1019|90|17.04|Mist|névoa|-46.6361|-23.5475
2021-09-21 18:56:10|Guarulhos|BR|2021-09-21 05:56:34|2021-09-21 18:01:48|3.6|180|10000|15.03|17.88|1019|88|17.2|Mist|névoa|-46.5333|-23.4628
2021-09-21 18:55:30|Campinas|BR|2021-09-21 05:58:40|2021-09-21 18:03:55|9.26|130|10000|20.89|20.89|1015|78|21.07|Clouds|nuvens dispersas|-47.0608|-22.9056
2021-09-21 18:54:34|São Bernardo do Campo|BR|2021-09-21 05:56:42|2021-09-21 18:01:55|7.72|180|5000|14.84|17.69|1019|91|16.64|Mist|névoa|-46.565|-23.6939
2021-09-21 18:54:20|São José dos Campos|BR|2021-09-21 05:53:58|2021-09-21 17:59:13|3.6|190|8000|19.04|21.92|1019|77|19.69|Clouds|nublado|-45.8869|-23.1794
2021-09-21 18:54:02|Santo André|BR|2021-09-21 05:56:35|2021-09-21 18:01:49|7.72|180|5000|14.91|17.76|1019|91|16.77|Mist|névoa|-46.5383|-23.6639
2021-09-21 18:57:34|Ribeirão Preto|BR|2021-09-21 06:01:37|2021-09-21 18:06:57|2.57|240|9000|37.0|37.0|1010|13|34.4|Clouds|nublado|-47.8103|-21.1775
2021-09-21 18:57:20|Osasco|BR|2021-09-21 05:57:36|2021-09-21 18:02:50|5.14|140|4000|15.16|20.4|1018|90|17.12|Mist|névoa|-46.7917|-23.5325
2021-09-21 18:57:41|Sorocaba|BR|2021-09-21 06:00:16|2021-09-21 18:05:30|9.07|137|10000|21.43|21.43|1015|80|21.72|Clouds|nublado|-47.4581|-23.5017
2021-09-21 18:57:44|Mauá|BR|2021-09-21 05:56:17|2021-09-21 18:01:30|5.11|151|6966|15.04|17.89|1018|94|17.01|Clouds|nublado|-46.4614|-23.6678
2021-09-21 18:53:15|São José do Rio Preto|BR|2021-09-21 06:07:53|2021-09-21 18:13:14|3.6|240|10000|37.15|37.15|1010|8|34.15|Clear|céu limpo|-49.3794|-20.8197
2021-09-21 18:57:51|Mogi das Cruzes|BR|2021-09-21 05:55:11|2021-09-21 18:00:25|3.45|159|10000|15.11|18.2|1018|91|18.1|Clouds|nublado|-46.1883|-23.5228
2021-09-21 18:53:13|Santos|BR|2021-09-21 05:55:46|2021-09-21 18:00:59|3.09|220|3000|19.95|22.81|1017|88|20.44|Mist|névoa|-46.3336|-23.9608
2021-09-21 18:57:58|Diadema|BR|2021-09-21 05:56:55|2021-09-21 18:02:09|4.47|95|5000|14.9|17.75|1019|90|16.7|Mist|névoa|-46.6228|-23.6861
2021-09-21 18:57:02|Jundiaí|BR|2021-09-21 05:57:58|2021-09-21 18:03:12|7.32|137|10000|16.47|20.43|1015|79|19.74|Rain|chuva leve|-46.8842|-23.1864
2021-09-21 18:57:02|Piracicaba|BR|2021-09-21 06:01:00|2021-09-21 18:06:17|8.3|147|10000|21.85|21.85|1013|71|21.94|Clouds|nublado|-47.6492|-22.7253
2021-09-21 18:58:08|Carapicuíba|BR|2021-09-21 05:57:49|2021-09-21 18:03:03|6.86|146|10000|14.92|20.16|1017|82|16.62|Clouds|nublado|-46.8485|-23.5534
2021-09-21 18:57:05|Bauru|BR|2021-09-21 06:06:38|2021-09-21 18:11:56|1.54|180|10000|37.52|37.52|1011|26|37.45|Clear|céu limpo|-49.0606|-22.3147
2021-09-21 18:58:15|Itaquaquecetuba|BR|2021-09-21 05:55:49|2021-09-21 18:01:03|3.6|180|10000|15.09|18.17|1019|88|17.41|Clouds|nublado|-46.3483|-23.4861
2021-09-21 18:58:19|São Vicente|BR|2021-09-21 05:56:00|2021-09-21 18:01:13|3.09|220|3000|19.98|22.84|1017|88|20.58|Drizzle|garoa de leve intensidade|-46.3919|-23.9631
2021-09-21 18:58:22|Franca|BR|2021-09-21 05:59:58|2021-09-21 18:05:20|0.67|28|10000|28.14|28.14|1009|21|26.86|Clouds|algumas nuvens|-47.4008|-20.5386
2021-09-21 18:58:26|Praia Grande|BR|2021-09-21 05:56:03|2021-09-21 18:01:16|3.09|220|3000|19.96|22.82|1017|88|20.6|Drizzle|garoa de leve intensidade|-46.4028|-24.0058
2021-09-21 18:57:12|Guarujá|BR|2021-09-21 05:55:28|2021-09-21 18:00:41|3.09|220|3000|19.92|22.78|1017|88|20.35|Mist|névoa|-46.2564|-23.9931
2021-09-21 18:58:33|Taubaté|BR|2021-09-21 05:52:39|2021-09-21 17:57:54|5.14|180|10000|19.34|24.72|1016|73|22.1|Clouds|nublado|-45.5553|-23.0264
2021-09-21 18:58:36|Limeira|BR|2021-09-21 06:00:01|2021-09-21 18:05:17|7.56|145|10000|21.59|33.22|1012|66|21.53|Clouds|nublado|-47.4017|-22.5647
2021-09-21 18:58:40|Suzano|BR|2021-09-21 05:55:40|2021-09-21 18:00:54|4.09|154|10000|15.2|18.28|1018|88|17.35|Clouds|nublado|-46.3108|-23.5425
2021-09-21 18:56:17|Taboão da Serra|BR|2021-09-21 05:57:36|2021-09-21 18:02:50|7.72|180|5000|14.91|17.77|1019|91|16.8|Mist|névoa|-46.7917|-23.6261
2021-09-21 18:58:47|Sumaré|BR|2021-09-21 05:59:25|2021-09-21 18:04:41|8.49|142|10000|21.67|21.67|1013|67|21.64|Clouds|nublado|-47.252|-22.8374
2021-09-21 18:58:50|Barueri|BR|2021-09-21 05:57:56|2021-09-21 18:03:10|7.03|144|10000|16.58|20.54|1017|82|17.02|Clouds|nublado|-46.8761|-23.5106
2021-09-21 18:57:41|Embu|BR|2021-09-21 05:57:50|2021-09-21 18:03:04|6.27|148|10000|14.9|17.75|1018|86|16.64|Clouds|nublado|-46.8522|-23.6489
2021-09-21 18:55:45|São Carlos|BR|2021-09-21 06:01:57|2021-09-21 18:07:16|8.95|156|10000|31.46|31.46|1010|45|32.39|Clouds|nublado|-47.8908|-22.0175
2021-09-21 18:59:01|Indaiatuba|BR|2021-09-21 05:59:17|2021-09-21 18:04:33|9.26|130|10000|21.3|21.3|1015|78|21.52|Clouds|nuvens dispersas|-47.2181|-23.0903
2021-09-21 18:56:32|Cotia|BR|2021-09-21 05:58:13|2021-09-21 18:03:27|5.9|146|10000|15.46|17.04|1018|89|15.87|Clouds|nublado|-46.9472|-23.6704
2021-09-21 18:59:08|Americana|BR|2021-09-21 05:59:44|2021-09-21 18:05:00|8.42|142|10000|21.61|21.61|1013|66|21.55|Clouds|nublado|-47.3314|-22.7392
2021-09-21 18:59:11|Marília|BR|2021-09-21 06:10:11|2021-09-21 18:15:29|2.4|180|10000|29.74|29.74|1008|19|28.0|Clouds|nuvens dispersas|-49.9458|-22.2139
2021-09-21 18:59:15|Itapevi|BR|2021-09-21 05:58:10|2021-09-21 18:03:24|6.62|144|10000|16.36|20.32|1017|85|16.81|Clouds|nublado|-46.9342|-23.5489
2021-09-21 18:59:18|Araraquara|BR|2021-09-21 06:03:05|2021-09-21 18:08:24|3.04|200|10000|31.69|31.69|1008|23|29.86|Clouds|nublado|-48.1756|-21.7944
2021-09-21 18:59:22|Jacareí|BR|2021-09-21 05:54:17|2021-09-21 17:59:32|3.6|190|8000|19.17|22.05|1019|77|19.41|Clouds|nublado|-45.9658|-23.3053
2021-09-21 18:59:25|Hortolândia|BR|2021-09-21 05:59:18|2021-09-21 18:04:33|9.26|130|10000|21.49|21.49|1015|78|21.73|Clouds|nuvens dispersas|-47.22|-22.8583
2021-09-21 18:59:28|Presidente Prudente|BR|2021-09-21 06:15:57|2021-09-21 18:21:15|2.06|210|10000|35.75|35.75|1010|15|33.33|Clear|céu limpo|-51.3889|-22.1256
2021-09-21 18:59:32|Rio Claro|BR|2021-09-21 06:00:39|2021-09-21 18:05:56|7.19|150|10000|32.9|32.9|1012|66|39.9|Clouds|nublado|-47.5614|-22.4114
2021-09-21 18:55:22|Araçatuba|BR|2021-09-21 06:12:06|2021-09-21 18:17:27|4.12|210|10000|38.1|38.1|1009|11|35.27|Clouds|algumas nuvens|-50.4328|-21.2089
2021-09-21 18:59:39|Ferraz de Vasconcelos|BR|2021-09-21 05:55:54|2021-09-21 18:01:08|3.6|180|10000|15.05|18.14|1019|88|17.13|Clouds|nublado|-46.3686|-23.5408
2021-09-21 18:58:28|Santa Bárbara d'Oeste|BR|2021-09-21 06:00:04|2021-09-21 18:05:20|8.53|144|10000|21.64|21.64|1013|67|21.61|Clouds|nublado|-47.4136|-22.7536
2021-09-21 18:59:46|Francisco Morato|BR|2021-09-21 05:57:24|2021-09-21 18:02:39|6.12|144|10000|16.08|20.04|1016|82|16.71|Clouds|nublado|-46.7453|-23.2817
2021-09-21 18:59:49|Itapecerica da Serra|BR|2021-09-21 05:57:50|2021-09-21 18:03:03|5.87|149|10000|14.22|17.08|1018|88|15.91|Clouds|nublado|-46.8492|-23.7169
2021-09-21 18:59:53|Itu|BR|2021-09-21 05:59:37|2021-09-21 18:04:52|11.36|140|10000|21.51|21.51|1014|80|21.81|Clouds|nublado|-47.2992|-23.2642
2021-09-21 18:59:56|Bragança Paulista|BR|2021-09-21 05:56:38|2021-09-21 18:01:54|6.99|136|10000|16.12|19.69|1015|82|17.77|Clouds|nublado|-46.5556|-22.94
2021-09-21 19:00:00|Pindamonhangaba|BR|2021-09-21 05:52:16|2021-09-21 17:57:31|5.14|180|10000|19.49|24.86|1016|73|23.09|Clouds|nublado|-45.4617|-22.9239
2021-09-21 19:00:04|Itapetininga|BR|2021-09-21 06:02:38|2021-09-21 18:07:53|9.55|142|10000|15.88|15.88|1016|88|15.82|Clouds|nublado|-48.0531|-23.5917
2021-09-21 19:00:08|São Caetano do Sul|BR|2021-09-21 05:56:38|2021-09-21 18:01:52|7.6|143|10000|16.34|16.34|1020|93|16.46|Clouds|nublado|-46.5511|-23.6231
2021-09-21 19:00:12|Franco da Rocha|BR|2021-09-21 05:57:20|2021-09-21 18:02:35|6.24|144|10000|16.49|20.45|1017|81|16.31|Clouds|nublado|-46.7269|-23.3217
2021-09-21 19:00:16|Mogi Guaçu|BR|2021-09-21 05:58:10|2021-09-21 18:03:27|6.94|151|10000|23.45|23.45|1011|67|23.6|Clouds|nublado|-46.9422|-22.3722
2021-09-21 18:58:33|Jaú|BR|2021-09-21 06:04:38|2021-09-21 18:09:55|8.81|138|10000|37.57|37.57|1010|55|44.57|Clouds|nublado|-48.5578|-22.2964
2021-09-21 19:00:23|Botucatu|BR|2021-09-21 06:04:11|2021-09-21 18:09:27|6.71|141|10000|17.9|17.9|1013|79|17.81|Rain|chuva leve|-48.445|-22.8858
2021-09-21 18:57:31|Atibaia|BR|2021-09-21 05:56:47|2021-09-21 18:02:02|6.03|136|10000|16.04|20.0|1016|83|17.16|Clouds|nublado|-46.589|-23.131
2021-09-21 18:59:13|Santana de Parnaíba|BR|2021-09-21 05:58:06|2021-09-21 18:03:20|6.85|142|10000|16.54|20.5|1017|82|16.92|Clouds|nublado|-46.9178|-23.4442
2021-09-21 19:00:33|Araras|BR|2021-09-21 05:59:56|2021-09-21 18:05:13|7.53|152|10000|23.38|23.38|1011|65|23.47|Clouds|nublado|-47.3842|-22.3569
2021-09-21 19:00:37|Cubatão|BR|2021-09-21 05:56:08|2021-09-21 18:01:21|4.39|173|4380|21.27|21.27|1019|92|21.85|Clouds|nublado|-46.4253|-23.895
2021-09-21 19:00:40|Valinhos|BR|2021-09-21 05:58:24|2021-09-21 18:03:39|9.26|130|10000|20.87|20.87|1015|78|21.05|Clouds|nuvens dispersas|-46.9958|-22.9706
2021-09-21 19:00:44|Sertãozinho|BR|2021-09-21 06:02:20|2021-09-21 18:07:41|0.47|200|10000|32.86|32.86|1007|20|30.8|Clouds|nublado|-47.9903|-21.1378
2021-09-21 19:00:47|Jandira|BR|2021-09-21 05:58:02|2021-09-21 18:03:16|6.85|144|10000|16.51|20.47|1017|83|16.38|Clouds|nublado|-46.9025|-23.5275
2021-09-21 19:00:51|Birigui|BR|2021-09-21 06:11:44|2021-09-21 18:17:04|1.15|324|10000|32.9|32.9|1007|15|30.59|Clouds|nublado|-50.34|-21.2886
2021-09-21 19:00:54|Ribeirão Pires|BR|2021-09-21 05:56:05|2021-09-21 18:01:19|4.7|154|3233|16.35|16.35|1018|92|16.44|Clouds|nublado|-46.4133|-23.7106
2021-09-21 19:00:58|Votorantim|BR|2021-09-21 06:00:11|2021-09-21 18:05:25|8.73|138|10000|21.56|21.56|1016|83|21.94|Clouds|nublado|-47.4378|-23.5467
2021-09-21 19:00:51|Barretos|BR|2021-09-21 06:04:38|2021-09-21 18:10:00|2.88|277|10000|33.15|33.15|1007|15|30.82|Clouds|nublado|-48.5678|-20.5572
2021-09-21 19:01:05|Catanduva|BR|2021-09-21 06:06:16|2021-09-21 18:11:36|4.27|233|10000|31.51|31.51|1007|18|29.45|Clouds|nublado|-48.9728|-21.1378
2021-09-21 18:57:57|Várzea Paulista|BR|2021-09-21 05:57:44|2021-09-21 18:02:59|6.69|140|10000|16.52|20.48|1016|81|18.61|Rain|chuva leve|-46.8283|-23.2114
2021-09-21 19:01:12|Guaratinguetá|BR|2021-09-21 05:51:11|2021-09-21 17:56:27|3.48|219|10000|21.38|21.38|1016|83|21.74|Clouds|nuvens dispersas|-45.1925|-22.8164
2021-09-21 19:01:15|Tatuí|BR|2021-09-21 06:01:51|2021-09-21 18:07:06|9.93|145|10000|17.43|17.43|1015|82|17.37|Clouds|nublado|-47.8569|-23.3556
2021-09-21 19:01:19|Caraguatatuba|BR|2021-09-21 05:52:24|2021-09-21 17:57:37|2.77|199|7921|22.9|22.9|1018|95|23.73|Clouds|nublado|-45.4899|-23.6338
2021-09-21 19:01:22|Itatiba|BR|2021-09-21 05:57:46|2021-09-21 18:03:02|9.48|133|10000|20.29|20.29|1014|77|20.39|Clouds|nublado|-46.8389|-23.0058
2021-09-21 19:01:21|Salto|UY|2021-09-21 06:42:23|2021-09-21 18:47:25|4.04|127|10000|13.21|13.21|1025|68|12.36|Clouds|nublado|-57.9667|-31.3833
2021-09-21 19:01:29|Poá|BR|2021-09-21 05:55:49|2021-09-21 18:01:02|4.4|152|10000|16.38|18.18|1018|87|16.35|Clouds|nublado|-46.3447|-23.5281
2021-09-21 19:01:33|Ourinhos|BR|2021-09-21 06:09:53|2021-09-21 18:15:10|1.15|287|10000|30.81|30.81|1008|22|29.0|Clouds|nublado|-49.8706|-22.9789
2021-09-21 19:01:36|Paulínia|BR|2021-09-21 05:59:02|2021-09-21 18:04:18|9.17|138|10000|21.52|21.52|1012|67|21.48|Clouds|nublado|-47.1542|-22.7611
2021-09-21 18:56:45|Assis|BR|2021-09-21 06:12:03|2021-09-21 18:17:20|1.25|238|10000|32.13|32.13|1007|18|30.0|Clouds|nuvens dispersas|-50.4122|-22.6617
2021-09-21 19:01:43|Leme|BR|2021-09-21 05:59:58|2021-09-21 18:05:15|7.75|157|10000|24.35|24.35|1011|63|24.49|Clouds|nublado|-47.3903|-22.1856
2021-09-21 19:01:47|Itanhaém|BR|2021-09-21 05:57:36|2021-09-21 18:02:48|4.95|179|10000|21.25|21.25|1019|87|21.7|Clouds|nublado|-46.7889|-24.1831
2021-09-21 19:01:50|Caieiras|BR|2021-09-21 05:57:23|2021-09-21 18:02:38|6.61|145|10000|16.26|20.22|1017|80|16.03|Clouds|nublado|-46.7406|-23.3642
2021-09-21 19:01:11|Mairiporã|BR|2021-09-21 05:56:46|2021-09-21 18:02:01|5.21|143|10000|16.42|20.38|1017|83|16.28|Clouds|nublado|-46.5867|-23.3186
2021-09-21 19:01:57|Votuporanga|BR|2021-09-21 06:10:15|2021-09-21 18:15:37|1.63|234|10000|31.96|31.96|1007|15|29.76|Clear|céu limpo|-49.9728|-20.4228
2021-09-21 19:02:01|Itapeva|BR|2021-09-21 06:05:56|2021-09-21 18:11:10|8.34|135|10000|15.75|15.75|1015|88|15.68|Clouds|nublado|-48.8756|-23.9822
2021-09-21 19:02:05|Caçapava|BR|2021-09-21 05:53:15|2021-09-21 17:58:30|3.15|180|10000|19.49|19.49|1017|84|19.69|Clouds|nublado|-45.7069|-23.1008
2021-09-21 19:02:08|Mogi Mirim|BR|2021-09-21 05:58:14|2021-09-21 18:03:31|7.68|148|10000|21.15|21.15|1011|69|21.12|Clouds|nublado|-46.9578|-22.4319
2021-09-21 19:02:12|São João da Boa Vista|BR|2021-09-21 05:57:35|2021-09-21 18:02:53|3.45|144|10000|26.95|26.95|1010|46|27.14|Clouds|nublado|-46.7981|-21.9692
2021-09-21 19:01:42|São Roque|BR|2021-09-21 05:58:58|2021-09-21 18:04:12|7.52|139|10000|16.31|20.27|1016|87|16.27|Clouds|nublado|-47.1353|-23.5292
2021-09-21 19:02:19|Ubatuba|BR|2021-09-21 05:50:43|2021-09-21 17:55:57|4.52|208|10000|21.32|21.32|1018|91|21.88|Clouds|nublado|-45.0711|-23.4339
2021-09-21 19:02:22|Avaré|BR|2021-09-21 06:06:07|2021-09-21 18:11:23|8.99|127|10000|18.51|18.51|1013|76|18.4|Rain|chuva leve|-48.9258|-23.0986
2021-09-21 19:00:48|Arujá|BR|2021-09-21 05:55:43|2021-09-21 18:00:57|4.18|146|10000|16.17|17.98|1018|87|16.11|Clouds|nublado|-46.3208|-23.3961
2021-09-22 00:00:12|San Sebastian|ES|2021-09-22 07:55:10|2021-09-22 20:06:05|0.89|106|10000|15.91|17.31|1025|91|16.59|Clouds|nublado|-1.975|43.3128
2021-09-21 19:02:33|Lorena|BR|2021-09-21 05:50:55|2021-09-21 17:56:11|3.72|213|10000|21.98|21.98|1016|82|22.37|Clouds|nuvens dispersas|-45.1247|-22.7308
2021-09-21 19:02:36|Campo Limpo Paulista|BR|2021-09-21 05:57:27|2021-09-21 18:02:42|6.32|142|10000|16.05|20.01|1016|82|20.21|Clouds|nublado|-46.7584|-23.216
2021-09-21 19:02:40|Matão|BR|2021-09-21 06:03:51|2021-09-21 18:09:10|2.83|233|10000|32.1|32.1|1007|19|30.02|Clouds|nublado|-48.3658|-21.6033
2021-09-21 19:02:43|Cruzeiro|BR|2021-09-21 05:50:16|2021-09-21 17:55:32|3.25|196|10000|22.93|22.93|1015|83|23.45|Clouds|nuvens dispersas|-44.9628|-22.5761
2021-09-21 18:59:21|Ibiúna|BR|2021-09-21 05:59:19|2021-09-21 18:04:33|7.3|139|9213|15.64|16.48|1017|91|16.31|Clouds|nublado|-47.2225|-23.6564
2021-09-21 19:02:50|Vinhedo|BR|2021-09-21 05:58:19|2021-09-21 18:03:34|9.26|130|10000|20.58|20.58|1015|78|20.73|Clouds|nuvens dispersas|-46.9753|-23.0297
2021-09-21 19:01:20|Lins|BR|2021-09-21 06:09:21|2021-09-21 18:14:40|0.9|318|10000|32.16|32.16|1007|17|29.99|Clouds|nuvens dispersas|-49.7425|-21.6786
2021-09-21 19:02:57|Bebedouro|BR|2021-09-21 06:04:17|2021-09-21 18:09:38|3.58|218|10000|32.26|32.26|1007|17|30.08|Clouds|nublado|-48.4792|-20.9494
2021-09-21 19:03:01|Jaboticabal|BR|2021-09-21 06:03:40|2021-09-21 18:09:00|2.23|210|10000|31.67|31.67|1007|19|29.63|Clouds|nublado|-48.3222|-21.2547
2021-09-21 19:03:05|Cajamar|BR|2021-09-21 05:57:57|2021-09-21 18:03:12|6.66|142|10000|16.17|20.13|1016|81|15.96|Clouds|nublado|-46.8813|-23.3519
2021-09-21 18:59:21|Pirassununga|BR|2021-09-21 06:00:06|2021-09-21 18:05:24|1.03|120|10000|32.81|32.81|1011|35|32.54|Clouds|algumas nuvens|-47.4258|-21.9961
2021-09-21 19:03:12|Itapira|BR|2021-09-21 05:57:42|2021-09-21 18:02:58|6.26|148|10000|22.67|22.67|1011|70|22.82|Clouds|nublado|-46.8217|-22.4361
2021-09-21 19:00:16|Cosmópolis|BR|2021-09-21 05:59:12|2021-09-21 18:04:28|8.55|143|10000|21.49|21.49|1012|67|21.44|Clouds|nublado|-47.1961|-22.6458
2021-09-21 19:03:19|Amparo|BR|2021-09-21 05:57:28|2021-09-21 18:02:44|9.05|139|10000|19.9|19.9|1013|81|20.06|Clouds|nublado|-46.7644|-22.7011
2021-09-21 19:03:22|Embu-Guaçu|BR|2021-09-21 05:57:48|2021-09-21 18:03:01|4.67|153|9363|16.4|17.98|1018|92|16.98|Clouds|nublado|-46.8396|-23.8534
2021-09-21 19:03:26|Fernandópolis|BR|2021-09-21 06:11:20|2021-09-21 18:16:43|1.08|268|10000|31.54|31.54|1007|14|29.38|Clear|céu limpo|-50.2464|-20.2839
2021-09-21 19:03:29|Mococa|BR|2021-09-21 05:58:24|2021-09-21 18:03:44|1.63|159|10000|30.49|30.49|1008|24|28.82|Clouds|nuvens dispersas|-47.0047|-21.4678
2021-09-21 19:03:33|Lençóis Paulista|BR|2021-09-21 06:05:36|2021-09-21 18:10:53|5.13|117|10000|26.89|26.89|1010|40|26.78|Clouds|nublado|-48.8003|-22.5986
2021-09-21 19:03:36|Peruíbe|BR|2021-09-21 05:58:26|2021-09-21 18:03:38|3.86|175|10000|18.71|18.71|1019|90|18.99|Clouds|nublado|-46.9983|-24.32
2021-09-21 19:03:40|Tupã|BR|2021-09-21 06:12:26|2021-09-21 18:17:45|3.54|208|10000|31.65|31.65|1007|17|29.54|Clouds|nublado|-50.5136|-21.9347
2021-09-21 19:03:43|Penápolis|BR|2021-09-21 06:10:41|2021-09-21 18:16:01|1.45|360|10000|32.46|32.46|1007|17|30.26|Clouds|nublado|-50.0775|-21.4197
2021-09-21 19:03:47|Bertioga|BR|2021-09-21 05:55:00|2021-09-21 18:00:13|4.47|187|6093|21.28|22.85|1019|91|22.21|Clouds|nublado|-46.1386|-23.8544
2021-09-21 19:00:29|Batatais|BR|2021-09-21 06:00:43|2021-09-21 18:06:04|1.02|1|10000|29.79|29.79|1008|20|28.07|Clouds|nublado|-47.585|-20.8911
2021-09-21 19:01:33|Itupeva|BR|2021-09-21 05:58:39|2021-09-21 18:03:54|9.26|130|10000|16.89|20.85|1015|78|21.03|Clouds|nuvens dispersas|-47.0578|-23.1531
2021-09-21 19:03:57|Boituva|BR|2021-09-21 06:01:07|2021-09-21 18:06:21|10.22|143|10000|20.12|20.12|1014|79|20.25|Clouds|nublado|-47.6722|-23.2833
2021-09-21 19:04:01|Nova Odessa|BR|2021-09-21 05:59:36|2021-09-21 18:04:52|8.5|142|10000|20.56|20.56|1013|66|20.39|Clouds|nublado|-47.2958|-22.7775
2021-09-21 19:04:05|Ibitinga|BR|2021-09-21 06:05:42|2021-09-21 18:11:01|3.17|271|10000|32.08|32.08|1007|18|29.96|Clouds|nublado|-48.8289|-21.7578
2021-09-21 19:04:08|Mirassol|BR|2021-09-21 06:08:27|2021-09-21 18:13:48|2.73|209|10000|30.46|30.46|1007|17|28.54|Clouds|nuvens dispersas|-49.5211|-20.8192
2021-09-21 19:04:12|Monte Mor|BR|2021-09-21 05:59:41|2021-09-21 18:04:56|13.89|130|10000|20.64|20.64|1016|77|20.77|Clouds|algumas nuvens|-47.3158|-22.9467
2021-09-21 19:03:02|Jaguariúna|BR|2021-09-21 05:58:21|2021-09-21 18:03:37|9.97|137|10000|21.43|21.43|1012|72|21.51|Clouds|nublado|-46.9858|-22.7056
2021-09-21 19:03:41|Santa Isabel|BR|2021-09-21 05:55:19|2021-09-21 18:00:33|4.01|144|10000|17.03|18.84|1018|87|18.88|Clouds|nublado|-46.2214|-23.3156
2021-09-21 19:04:23|Taquaritinga|BR|2021-09-21 06:04:24|2021-09-21 18:09:44|3.25|229|10000|31.09|31.09|1007|18|29.09|Clouds|nublado|-48.5047|-21.4061
2021-09-21 19:04:27|Andradina|BR|2021-09-21 06:15:53|2021-09-21 18:21:14|1.73|242|10000|33.54|33.54|1006|14|31.14|Clouds|algumas nuvens|-51.3794|-20.8961
2021-09-21 19:04:31|Mongaguá|BR|2021-09-21 05:56:55|2021-09-21 18:02:08|4.76|181|9532|21.07|21.91|1019|89|21.56|Clouds|nublado|-46.6208|-24.0931
2021-09-21 19:03:36|Registro|BR|2021-09-21 06:01:49|2021-09-21 18:07:01|3.02|153|10000|18.09|18.09|1019|90|18.3|Clouds|nublado|-47.8436|-24.4875
2021-09-21 19:04:17|Porto Ferreira|BR|2021-09-21 06:00:19|2021-09-21 18:05:37|5.96|157|10000|28.84|28.84|1009|39|28.36|Clouds|nublado|-47.4792|-21.8539
2021-09-21 19:04:41|Capivari|BR|2021-09-21 06:00:27|2021-09-21 18:05:42|10.77|148|10000|20.72|20.72|1014|77|20.86|Clouds|nublado|-47.5078|-22.995
2021-09-21 19:04:45|Piedade|BR|2021-09-21 06:00:09|2021-09-21 18:05:22|7.64|142|7249|15.47|15.47|1016|90|15.42|Clouds|nublado|-47.4278|-23.7119
2021-09-21 19:01:10|São José do Rio Pardo|BR|2021-09-21 05:57:57|2021-09-21 18:03:16|2.6|165|10000|29.08|29.08|1008|27|27.78|Clouds|nuvens dispersas|-46.8886|-21.5956
2021-09-21 19:03:41|Olímpia|BR|2021-09-21 06:06:01|2021-09-21 18:11:23|3.9|224|10000|32.09|32.09|1007|17|29.93|Clouds|nublado|-48.9147|-20.7372
2021-09-21 19:04:55|Artur Nogueira|BR|2021-09-21 05:59:06|2021-09-21 18:04:22|8.47|145|10000|20.06|20.06|1012|68|19.9|Clouds|nublado|-47.1725|-22.5731
2021-09-21 19:04:59|Porto Feliz|BR|2021-09-21 06:00:31|2021-09-21 18:05:46|10.57|144|10000|20.77|20.77|1014|79|20.97|Clouds|nublado|-47.5239|-23.2147
2021-09-21 19:05:02|Vargem Grande Paulista|BR|2021-09-21 05:58:30|2021-09-21 18:03:44|6.12|143|10000|15.39|16.97|1017|89|15.8|Clouds|nublado|-47.0191|-23.6286
2021-09-21 19:05:06|Campos do Jordão|BR|2021-09-21 05:52:47|2021-09-21 17:58:03|3.07|172|8218|12.7|19.97|1017|91|20.4|Clouds|nublado|-45.5914|-22.7394
2021-09-21 19:05:09|São Joaquim da Barra|BR|2021-09-21 06:01:47|2021-09-21 18:07:09|0.77|11|10000|34.62|34.62|1007|18|32.43|Clouds|nublado|-47.8547|-20.5814
2021-09-21 19:05:13|Rio Grande da Serra|BR|2021-09-21 05:56:02|2021-09-21 18:01:15|4.56|156|562|16.28|17.86|1018|94|16.78|Clouds|nublado|-46.3983|-23.7442
2021-09-21 19:04:28|Itararé|BR|2021-09-21 06:07:46|2021-09-21 18:12:59|7.17|137|10000|18.31|18.31|1014|85|18.42|Clouds|nublado|-49.3317|-24.1125
2021-09-21 19:05:20|Monte Alto|BR|2021-09-21 06:04:22|2021-09-21 18:09:42|3.32|225|10000|29.69|29.69|1008|19|27.96|Clouds|nublado|-48.4964|-21.2611
2021-09-21 19:05:23|Pontal|BR|2021-09-21 06:02:31|2021-09-21 18:07:52|0.66|225|10000|35.15|35.15|1007|19|33.1|Clouds|nublado|-48.0372|-21.0225
2021-09-21 19:01:34|Cabreúva|BR|2021-09-21 05:58:57|2021-09-21 18:04:12|9.01|139|10000|17.19|21.15|1015|81|21.44|Rain|chuva moderada|-47.1328|-23.3075
2021-09-21 19:04:51|Jales|BR|2021-09-21 06:12:32|2021-09-21 18:17:55|0.64|207|10000|31.27|31.27|1007|15|29.17|Clear|céu limpo|-50.5458|-20.2689
2021-09-21 19:01:56|Cerquilho|BR|2021-09-21 06:01:24|2021-09-21 18:06:39|10.34|142|10000|21.46|21.46|1014|79|21.72|Clouds|nublado|-47.7436|-23.165
2021-09-21 19:05:37|Louveira|BR|2021-09-21 05:58:13|2021-09-21 18:03:28|9.44|133|10000|16.85|19.81|1014|76|19.81|Clouds|nublado|-46.9506|-23.0864
2021-09-21 19:05:41|Pedreira|BR|2021-09-21 05:58:01|2021-09-21 18:03:17|9.98|137|10000|20.37|20.37|1013|76|20.45|Clouds|nublado|-46.9014|-22.7419
2021-09-21 19:05:44|Santa Cruz do Rio Pardo|BR|2021-09-21 06:08:56|2021-09-21 18:14:13|0.92|206|10000|30.37|30.37|1008|24|28.71|Clouds|nublado|-49.6325|-22.8989
2021-09-21 19:05:48|Tremembé|BR|2021-09-21 05:52:37|2021-09-21 17:57:52|3.85|180|10000|19.55|26.82|1017|82|19.7|Clouds|nublado|-45.5494|-22.9583
2021-09-21 19:05:51|Mairinque|BR|2021-09-21 05:59:10|2021-09-21 18:04:24|7.76|138|10000|15.78|18.74|1016|88|16.33|Clouds|nublado|-47.1833|-23.5458
2021-09-21 19:05:55|Capão Bonito|BR|2021-09-21 06:03:50|2021-09-21 18:09:03|6.27|142|931|14.89|14.89|1016|92|14.84|Clouds|nublado|-48.349|-24.0049
2021-09-21 19:05:58|Dracena|BR|2021-09-21 06:16:31|2021-09-21 18:21:51|1.93|194|10000|34.11|34.11|1006|14|31.66|Clouds|nuvens dispersas|-51.535|-21.4843
2021-09-21 19:06:02|Pederneiras|BR|2021-09-21 06:05:30|2021-09-21 18:10:47|5.68|114|10000|29.53|29.53|1009|33|28.54|Clouds|nublado|-48.775|-22.3517
2021-09-21 19:06:05|Paraguaçu Paulista|BR|2021-09-21 06:12:42|2021-09-21 18:18:00|1.96|226|10000|31.68|31.68|1008|18|29.6|Clouds|nuvens dispersas|-50.5758|-22.4128
2021-09-21 19:06:09|Salto de Pirapora|BR|2021-09-21 06:00:43|2021-09-21 18:05:57|8.41|144|10000|17.02|17.02|1016|86|17.02|Clouds|nublado|-47.5733|-23.6489
2021-09-21 19:06:12|Serrana|BR|2021-09-21 06:00:46|2021-09-21 18:06:06|0.96|170|10000|34.97|34.97|1007|21|33.13|Clouds|nublado|-47.5956|-21.2114
2021-09-21 19:06:16|Garça|BR|2021-09-21 06:09:01|2021-09-21 18:14:19|2.67|207|10000|30.31|30.31|1008|19|28.46|Clouds|nuvens dispersas|-49.6561|-22.2106
2021-09-21 19:06:19|Jardinópolis|BR|2021-09-21 06:01:26|2021-09-21 18:06:46|2.57|220|10000|34.68|34.68|1010|18|32.49|Clear|céu limpo|-47.7639|-21.0178
2021-09-21 19:04:18|Espírito Santo do Pinhal|BR|2021-09-21 05:57:08|2021-09-21 18:02:25|2.62|146|10000|25.14|25.14|1010|52|25.07|Clouds|nublado|-46.6828|-22.1158
2021-09-21 19:06:26|Presidente Epitácio|BR|2021-09-21 06:18:50|2021-09-21 18:24:10|2.86|236|10000|34.83|34.83|1006|14|32.34|Clouds|nublado|-52.1156|-21.7633
2021-09-21 19:03:49|Orlândia|BR|2021-09-21 06:01:55|2021-09-21 18:07:16|1.16|22|10000|34.08|34.08|1007|18|31.88|Clouds|nublado|-47.8867|-20.7203
2021-09-21 19:06:33|Itápolis|BR|2021-09-21 06:05:38|2021-09-21 18:10:57|3.57|258|10000|31.88|31.88|1007|18|29.78|Clouds|nublado|-48.8128|-21.5956
2021-09-21 19:04:07|Vargem Grande do Sul|BR|2021-09-21 05:57:58|2021-09-21 18:03:16|4.07|159|10000|28.13|28.13|1009|37|27.58|Clouds|nublado|-46.8936|-21.8322
2021-09-21 19:05:44|Tietê|BR|2021-09-21 06:01:17|2021-09-21 18:06:32|10.41|143|10000|21.06|21.06|1014|78|21.26|Clouds|nublado|-47.7147|-23.1019
2021-09-21 19:06:44|Ituverava|BR|2021-09-21 06:01:29|2021-09-21 18:06:51|0.92|9|10000|32.12|32.12|1008|18|29.99|Clouds|nuvens dispersas|-47.7806|-20.3394
2021-09-21 19:06:47|Novo Horizonte|BR|2021-09-21 06:07:16|2021-09-21 18:12:36|2.41|274|10000|31.9|31.9|1007|17|29.76|Clouds|nublado|-49.2208|-21.4681
2021-09-21 16:06:51|Socorro|US|2021-09-21 06:53:02|2021-09-21 19:03:22|5.14|70|10000|27.32|28.94|1026|25|26.92|Clouds|nuvens dispersas|-106.3033|31.6546
2021-09-21 19:06:54|São Manuel|BR|2021-09-21 06:04:41|2021-09-21 18:09:58|6.65|131|10000|21.43|21.43|1012|66|21.35|Clouds|nublado|-48.5706|-22.7311
2021-09-21 19:04:22|Guaíra|BR|2021-09-21 06:03:36|2021-09-21 18:08:59|2.55|285|10000|34.08|34.08|1007|15|31.68|Clouds|nuvens dispersas|-48.3106|-20.3183
2021-09-21 19:07:01|Américo Brasiliense|BR|2021-09-21 06:02:48|2021-09-21 18:08:07|2.55|223|10000|31.43|31.43|1007|20|29.46|Clouds|nublado|-48.1017|-21.7244
2021-09-21 19:07:05|Promissão|BR|2021-09-21 06:09:49|2021-09-21 18:15:08|1.64|350|10000|32.45|32.45|1007|17|30.25|Clouds|nuvens dispersas|-49.8581|-21.5367
2021-09-21 19:07:08|Guariba|BR|2021-09-21 06:03:18|2021-09-21 18:08:37|2.08|209|10000|34.62|34.62|1007|20|32.63|Clouds|nublado|-48.2283|-21.36
2021-09-21 19:07:12|Pitangueiras|BR|2021-09-21 06:03:15|2021-09-21 18:08:36|1.66|195|10000|35.29|35.29|1007|18|33.14|Clouds|nublado|-48.2217|-21.0094
2021-09-21 19:07:15|Presidente Venceslau|BR|2021-09-21 06:17:45|2021-09-21 18:23:05|2.46|204|10000|34.18|34.18|1007|15|31.78|Clouds|nublado|-51.8439|-21.8761
2021-09-21 19:07:19|Agudos|BR|2021-09-21 06:06:21|2021-09-21 18:11:38|1.68|209|10000|29.33|29.33|1008|23|27.81|Clouds|nuvens dispersas|-48.9875|-22.4692
2021-09-21 19:07:22|Iperó|BR|2021-09-21 06:01:11|2021-09-21 18:06:25|9.9|143|10000|20.64|20.64|1015|80|20.85|Clouds|nublado|-47.6886|-23.3503
2021-09-21 19:07:26|José Bonifácio|BR|2021-09-21 06:09:07|2021-09-21 18:14:28|1.67|196|10000|31.45|31.45|1007|17|29.37|Clouds|nublado|-49.6883|-21.0528
2021-09-21 19:07:29|Aguaí|BR|2021-09-21 05:58:19|2021-09-21 18:03:37|5.86|156|10000|26.46|26.46|1009|54|26.46|Clouds|nublado|-46.9786|-22.0594
2021-09-21 19:07:33|Aparecida|BR|2021-09-21 05:51:20|2021-09-21 17:56:36|3.36|224|10000|26.72|26.72|1016|83|29.37|Clouds|nuvens dispersas|-45.2297|-22.8469
2021-09-21 19:07:36|Barra Bonita|BR|2021-09-21 06:04:38|2021-09-21 18:09:55|8.09|125|10000|24.6|24.6|1011|59|24.66|Clouds|nublado|-48.5581|-22.4947
2021-09-21 19:07:40|São Pedro|BR|2021-09-21 06:02:04|2021-09-21 18:07:20|8.29|145|10000|22.51|22.51|1013|70|22.64|Clouds|nuvens dispersas|-47.9139|-22.5486
2021-09-21 19:07:43|Cravinhos|BR|2021-09-21 06:01:18|2021-09-21 18:06:38|0.95|185|10000|33.4|33.4|1008|22|31.51|Clouds|nublado|-47.7294|-21.3403
2021-09-21 19:07:47|Bariri|BR|2021-09-21 06:05:21|2021-09-21 18:10:39|3.55|156|10000|32.2|32.2|1008|23|30.36|Clouds|nublado|-48.7403|-22.0744
2021-09-21 19:07:50|Rio das Pedras|BR|2021-09-21 06:00:50|2021-09-21 18:06:06|9.29|146|10000|20.26|20.26|1013|73|20.25|Clouds|nublado|-47.6061|-22.8433
2021-09-21 19:07:54|Ibaté|BR|2021-09-21 06:02:23|2021-09-21 18:07:41|7.67|160|10000|28.56|28.56|1009|38|28.02|Clouds|nublado|-47.9967|-21.9547
2021-09-21 19:07:57|Adamantina|BR|2021-09-21 06:14:40|2021-09-21 18:20:00|3.09|184|10000|31.52|31.52|1007|16|29.4|Clouds|nublado|-51.0725|-21.6853
2021-09-21 19:08:01|Ilhabela|BR|2021-09-21 05:51:52|2021-09-21 17:57:05|4.28|222|10000|20.36|20.36|1018|89|20.78|Clouds|nublado|-45.3581|-23.7781
2021-09-21 19:08:04|Santa Cruz das Palmeiras|BR|2021-09-21 05:59:23|2021-09-21 18:04:42|5.47|165|10000|28.6|28.6|1009|39|28.13|Clouds|nublado|-47.2486|-21.8269
2021-09-21 19:08:08|Araçoiaba da Serra|BR|2021-09-21 06:00:53|2021-09-21 18:06:07|9.16|142|10000|17.92|17.92|1015|80|17.86|Clouds|nublado|-47.6142|-23.5053
2021-09-21 19:08:11|Descalvado|BR|2021-09-21 06:00:52|2021-09-21 18:06:11|6.58|159|10000|27.86|27.86|1009|42|27.68|Clouds|nublado|-47.6194|-21.9039
2021-09-21 19:08:15|Cachoeira Paulista|BR|2021-09-21 05:50:27|2021-09-21 17:55:43|3.85|198|10000|26.96|26.96|1015|81|29.74|Clouds|nuvens dispersas|-45.0094|-22.665
2021-09-21 19:08:18|Morro Agudo|BR|2021-09-21 06:02:36|2021-09-21 18:07:57|0.95|342|10000|35.01|35.01|1007|17|32.75|Clouds|nublado|-48.0578|-20.7314
2021-09-21 19:08:22|Guararapes|BR|2021-09-21 06:12:57|2021-09-21 18:18:17|1.32|277|10000|32.28|32.28|1007|15|30.04|Clouds|nublado|-50.6428|-21.2608
2021-09-21 19:08:25|São Miguel Arcanjo|BR|2021-09-21 06:02:25|2021-09-21 18:07:39|7.72|145|684|15.03|15.03|1016|93|15.02|Clouds|nublado|-47.9972|-23.8783
2021-09-21 19:08:29|Osvaldo Cruz|BR|2021-09-21 06:13:54|2021-09-21 18:19:13|3.49|195|10000|31.73|31.73|1007|17|29.61|Clouds|nublado|-50.8786|-21.7967
2021-09-21 19:08:32|Barrinha|BR|2021-09-21 06:03:02|2021-09-21 18:08:22|1.37|195|10000|35.27|35.27|1007|19|33.23|Clouds|nublado|-48.1639|-21.1936
2021-09-21 19:08:36|Biritiba Mirim|BR|2021-09-21 05:54:35|2021-09-21 17:59:49|3.27|171|5037|16.37|18.18|1018|94|18.4|Clouds|nublado|-46.0386|-23.5725
2021-09-21 19:04:54|Santa Fé do Sul|BR|2021-09-21 06:14:03|2021-09-21 18:19:26|1.58|198|10000|32.87|32.87|1006|16|30.6|Clear|céu limpo|-50.9258|-20.2111
2021-09-21 19:08:42|Juquitiba|BR|2021-09-21 05:58:43|2021-09-21 18:03:56|4.18|147|4241|16.87|17.71|1018|96|18.04|Clouds|nublado|-47.0683|-23.9317
2021-09-21 19:08:46|Cândido Mota|BR|2021-09-21 06:11:57|2021-09-21 18:17:14|1.36|254|10000|32.9|32.9|1007|18|30.72|Clouds|nuvens dispersas|-50.3869|-22.7464
2021-09-21 19:08:50|Iguape|BR|2021-09-21 06:00:40|2021-09-21 18:05:52|7.0|172|10000|18.61|18.61|1019|86|18.77|Clouds|nublado|-47.5553|-24.7081
2021-09-21 19:08:53|Igarapava|BR|2021-09-21 06:01:20|2021-09-21 18:06:44|0.9|300|10000|31.45|31.45|1008|18|29.4|Clouds|algumas nuvens|-47.7469|-20.0383
2021-09-21 19:08:57|Casa Branca|BR|2021-09-21 05:58:44|2021-09-21 18:04:03|5.08|166|10000|29.27|29.27|1008|33|28.3|Clouds|nuvens dispersas|-47.0864|-21.7739
2021-09-21 19:09:00|Jarinu|BR|2021-09-21 05:57:20|2021-09-21 18:02:35|7.28|137|10000|16.25|19.21|1016|80|18.64|Clouds|nublado|-46.7283|-23.1014
2021-09-21 19:09:04|Piraju|BR|2021-09-21 06:07:57|2021-09-21 18:13:12|7.7|117|10000|23.35|23.35|1012|62|23.36|Clouds|nublado|-49.3839|-23.1936
2021-09-21 19:09:07|Guararema|BR|2021-09-21 05:54:34|2021-09-21 17:59:48|3.54|163|10000|17.51|19.31|1018|89|19.55|Clouds|nublado|-46.035|-23.415
2021-09-21 19:09:11|Rancharia|BR|2021-09-21 06:13:58|2021-09-21 18:19:16|2.75|219|10000|31.76|31.76|1007|17|29.64|Clouds|nuvens dispersas|-50.8931|-22.2292
2021-09-21 19:09:14|Mirandópolis|BR|2021-09-21 06:14:47|2021-09-21 18:20:08|1.03|232|10000|32.69|32.69|1006|15|30.4|Clouds|nuvens dispersas|-51.1029|-21.1328
2021-09-21 19:09:18|Serra Negra|BR|2021-09-21 05:57:13|2021-09-21 18:02:29|7.08|143|10000|18.17|18.17|1012|78|18.08|Clouds|nublado|-46.7006|-22.6122
2021-09-21 19:09:21|Pilar do Sul|BR|2021-09-21 06:01:18|2021-09-21 18:06:31|7.65|153|909|15.24|15.24|1017|93|15.25|Clouds|nublado|-47.7164|-23.8131
2021-09-21 19:09:25|Cajati|BR|2021-09-21 06:02:56|2021-09-21 18:08:08|2.3|154|10000|17.56|17.56|1019|95|17.85|Clouds|nublado|-48.1228|-24.7361
2021-09-21 19:09:28|Laranjal Paulista|BR|2021-09-21 06:01:46|2021-09-21 18:07:01|10.06|144|10000|18.88|18.88|1014|79|18.89|Clouds|nublado|-47.8367|-23.0497
2021-09-21 19:09:32|Conchal|BR|2021-09-21 05:59:06|2021-09-21 18:04:23|7.43|155|10000|23.8|23.8|1011|65|23.93|Clouds|nublado|-47.1725|-22.3303
2021-09-21 19:09:35|Santa Rita do Passa Quatro|BR|2021-09-21 06:00:18|2021-09-21 18:05:37|3.72|154|10000|29.19|29.19|1008|27|27.87|Clouds|nublado|-47.4781|-21.7103
2021-09-21 19:09:39|Pirapozinho|BR|2021-09-21 06:16:23|2021-09-21 18:21:42|2.53|164|10000|32.14|32.14|1007|18|30.01|Clouds|nublado|-51.5|-22.2753
2021-09-21 19:09:42|Dois Córregos|BR|2021-09-21 06:03:55|2021-09-21 18:09:13|9.24|144|10000|23.48|23.48|1011|63|23.53|Clouds|nublado|-48.3803|-22.3661
2021-09-21 19:09:46|Piracaia|BR|2021-09-21 05:55:51|2021-09-21 18:01:06|4.77|135|10000|17.58|17.81|1017|87|17.67|Clouds|nublado|-46.3581|-23.0539
2021-09-21 19:09:49|Itaí|BR|2021-09-21 06:06:47|2021-09-21 18:12:02|9.07|119|10000|18.9|18.9|1013|79|18.91|Clouds|nublado|-49.0906|-23.4178
2021-09-21 19:09:53|Santa Gertrudes|BR|2021-09-21 06:00:32|2021-09-21 18:05:48|6.94|146|10000|23.46|23.46|1012|65|23.56|Clouds|nublado|-47.5303|-22.4567
2021-09-21 19:09:56|Ilha Solteira|BR|2021-09-21 06:15:43|2021-09-21 18:21:06|2.29|190|10000|33.63|33.63|1006|15|31.26|Clear|céu limpo|-51.3425|-20.4328
2021-09-21 19:10:00|Santa Rosa de Viterbo|BR|2021-09-21 05:59:50|2021-09-21 18:05:10|1.32|176|10000|34.26|34.26|1008|25|32.83|Clouds|nublado|-47.3631|-21.4728
2021-09-21 19:05:14|Valparaíso|CL|2021-09-21 07:37:00|2021-09-21 19:42:04|3.09|340|10000|12.51|12.8|1020|82|12.28|Clouds|nublado|-71.6273|-33.0393
2021-09-21 19:10:07|Martinópolis|BR|2021-09-21 06:15:04|2021-09-21 18:20:23|2.87|186|10000|31.6|31.6|1007|17|29.5|Clouds|nublado|-51.1708|-22.1458
2021-09-21 19:10:10|Cajuru|BR|2021-09-21 05:59:36|2021-09-21 18:04:56|0.99|174|10000|33.54|33.54|1008|22|31.66|Clouds|nublado|-47.3042|-21.2753
2021-09-21 19:10:14|Tanabi|BR|2021-09-21 06:08:57|2021-09-21 18:14:19|2.49|223|10000|31.33|31.33|1007|16|29.24|Clouds|algumas nuvens|-49.6492|-20.6264
2021-09-21 19:10:17|Pereira Barreto|BR|2021-09-21 06:14:48|2021-09-21 18:20:10|2.2|204|10000|33.35|33.35|1006|15|31.0|Clouds|algumas nuvens|-51.1092|-20.6383
2021-09-21 19:10:21|Pirajuí|BR|2021-09-21 06:08:13|2021-09-21 18:13:32|2.31|242|10000|31.89|31.89|1008|17|29.75|Clouds|nublado|-49.4572|-21.9986
2021-09-21 19:10:24|Bom Jesus dos Perdões|BR|2021-09-21 05:56:17|2021-09-21 18:01:32|5.17|135|10000|16.34|19.31|1017|85|17.78|Clouds|nublado|-46.4653|-23.135
2021-09-21 19:10:28|Angatuba|BR|2021-09-21 06:04:04|2021-09-21 18:09:19|8.96|134|10000|16.83|16.83|1015|82|16.71|Clouds|nublado|-48.4128|-23.4897
2021-09-21 19:10:31|Monte Aprazível|BR|2021-09-21 06:09:13|2021-09-21 18:14:35|2.62|213|10000|31.37|31.37|1007|16|29.27|Clouds|algumas nuvens|-49.7142|-20.7725
2021-09-21 19:10:36|Brodowski|BR|2021-09-21 06:01:00|2021-09-21 18:06:21|0.9|3|10000|33.0|33.0|1007|20|30.94|Clouds|nublado|-47.6572|-20.9845
2021-09-21 19:10:39|Álvares Machado|BR|2021-09-21 06:16:16|2021-09-21 18:21:35|2.9|168|10000|32.03|32.03|1007|17|29.88|Clouds|nublado|-51.4719|-22.0794
2021-09-21 19:10:42|Igaraçu do Tietê|BR|2021-09-21 06:04:38|2021-09-21 18:09:55|8.02|125|10000|24.22|24.22|1011|59|24.24|Clouds|nublado|-48.5578|-22.5092
2021-09-21 19:10:46|Potim|BR|2021-09-21 05:51:27|2021-09-21 17:56:42|3.41|227|10000|26.91|26.91|1016|83|29.81|Clouds|nuvens dispersas|-45.2565|-22.8377
2021-09-21 19:10:50|Cordeirópolis|BR|2021-09-21 06:00:14|2021-09-21 18:05:31|7.0|145|10000|20.0|20.0|1012|64|19.73|Clouds|nublado|-47.4567|-22.4819
2021-09-21 19:10:53|Brotas|BR|2021-09-21 06:02:54|2021-09-21 18:08:12|8.54|150|10000|24.92|24.92|1011|61|25.06|Clouds|nuvens dispersas|-48.1267|-22.2842
2021-09-21 19:10:56|Apiaí|BR|2021-09-21 06:05:49|2021-09-21 18:11:01|2.63|129|5508|14.7|14.7|1017|95|14.71|Clouds|nublado|-48.8425|-24.5094
2021-09-21 19:11:00|Iracemápolis|BR|2021-09-21 06:00:29|2021-09-21 18:05:45|7.3|144|10000|20.39|20.39|1012|65|20.18|Clouds|nublado|-47.5186|-22.5806
2021-09-21 19:11:03|Santo Antônio de Posse|BR|2021-09-21 05:58:05|2021-09-21 18:03:22|8.84|141|10000|20.01|20.01|1012|74|20.0|Clouds|nublado|-46.9194|-22.6061
2021-09-21 19:11:07|Taquarituba|BR|2021-09-21 06:07:24|2021-09-21 18:12:39|8.81|119|10000|18.79|18.79|1013|78|18.76|Clouds|nublado|-49.2444|-23.5331
2021-09-21 19:11:11|Tambaú|BR|2021-09-21 05:59:29|2021-09-21 18:04:48|4.25|168|10000|29.57|29.57|1008|29|28.3|Clouds|nublado|-47.2744|-21.705
2021-09-21 19:11:14|Teodoro Sampaio|BR|2021-09-21 06:19:04|2021-09-21 18:24:21|5.34|213|10000|33.74|33.74|1007|20|31.69|Clouds|nublado|-52.1675|-22.5325
2021-09-21 19:11:18|Araçariguama|BR|2021-09-21 05:58:40|2021-09-21 18:03:55|7.35|140|10000|16.71|19.67|1016|84|17.92|Clouds|nublado|-47.0614|-23.4386
2021-09-21 19:11:21|Miguelópolis|BR|2021-09-21 06:02:29|2021-09-21 18:07:52|2.22|302|10000|33.33|33.33|1007|18|31.13|Clouds|nuvens dispersas|-48.0319|-20.1794
2021-09-21 19:11:25|Palmital|BR|2021-09-21 06:11:16|2021-09-21 18:16:33|1.29|277|10000|32.61|32.61|1007|18|30.45|Clouds|nuvens dispersas|-50.2175|-22.7889
2021-09-21 19:11:28|Pompéia|BR|2021-09-21 06:11:05|2021-09-21 18:16:23|2.72|188|10000|30.59|30.59|1007|18|28.67|Clouds|nublado|-50.1717|-22.1086
2021-09-21 19:11:32|Lucélia|BR|2021-09-21 06:14:27|2021-09-21 18:19:47|3.21|185|10000|31.44|31.44|1007|17|29.36|Clouds|nublado|-51.0189|-21.7203
2021-09-21 19:11:35|Cunha|BR|2021-09-21 05:50:16|2021-09-21 17:55:31|3.43|157|10000|17.64|17.64|1017|90|17.81|Clouds|nublado|-44.9597|-23.0744
2021-09-21 19:11:39|Nova Granada|BR|2021-09-21 06:07:37|2021-09-21 18:12:59|2.91|245|10000|32.08|32.08|1007|15|29.86|Clouds|algumas nuvens|-49.3142|-20.5339
2021-09-21 19:11:42|Pradópolis|BR|2021-09-21 06:02:39|2021-09-21 18:07:58|1.09|199|10000|35.1|35.1|1007|21|33.28|Clouds|nublado|-48.0656|-21.3594
2021-09-21 19:11:46|Guapiaçu|BR|2021-09-21 06:07:15|2021-09-21 18:12:36|3.47|214|10000|31.69|31.69|1007|17|29.58|Clouds|nuvens dispersas|-49.2203|-20.795
2021-09-21 19:11:49|Guará|BR|2021-09-21 06:01:39|2021-09-21 18:07:02|0.75|0|10000|32.76|32.76|1008|18|30.59|Clouds|nublado|-47.8242|-20.4283
2021-09-21 19:11:53|Castilho|BR|2021-09-21 06:16:19|2021-09-21 18:21:40|1.55|227|10000|33.93|33.93|1006|14|31.5|Clear|céu limpo|-51.4875|-20.8722
2021-09-21 19:11:56|Bastos|BR|2021-09-21 06:13:19|2021-09-21 18:18:38|3.72|204|10000|32.06|32.06|1007|16|29.87|Clouds|nublado|-50.7339|-21.9219
2021-09-21 19:12:00|Santo Anastácio|BR|2021-09-21 06:16:49|2021-09-21 18:22:09|2.54|181|10000|33.8|33.8|1006|15|31.42|Clouds|nublado|-51.6103|-21.8383
2021-09-21 19:12:03|Engenheiro Coelho|BR|2021-09-21 05:59:15|2021-09-21 18:04:32|8.14|150|10000|20.19|20.19|1012|68|20.04|Clouds|nublado|-47.2119|-22.4897
2021-09-21 19:12:07|Capela do Alto|BR|2021-09-21 06:01:22|2021-09-21 18:06:36|9.36|145|10000|17.88|17.88|1015|81|17.84|Clouds|nublado|-47.7347|-23.4706
2021-09-21 19:12:10|Itatinga|BR|2021-09-21 06:04:53|2021-09-21 18:10:08|6.51|132|10000|17.17|17.17|1014|81|17.06|Clouds|nublado|-48.6158|-23.1017
2021-09-21 19:12:14|Junqueirópolis|BR|2021-09-21 06:16:06|2021-09-21 18:21:27|2.28|184|10000|33.65|33.65|1007|14|31.24|Clouds|nuvens dispersas|-51.4336|-21.5147
2021-09-21 19:12:17|Regente Feijó|BR|2021-09-21 06:15:36|2021-09-21 18:20:54|2.65|180|10000|31.71|31.71|1007|17|29.59|Clouds|nublado|-51.3028|-22.2214
2021-09-21 19:12:21|Paranapanema|BR|2021-09-21 06:05:19|2021-09-21 18:10:34|7.73|125|10000|17.99|17.99|1014|80|17.93|Clouds|nublado|-48.7228|-23.3886
2021-09-21 19:12:24|Cerqueira César|BR|2021-09-21 06:07:05|2021-09-21 18:12:20|9.03|129|10000|20.94|20.94|1012|66|20.81|Clouds|nublado|-49.1661|-23.0356
2021-09-21 19:12:28|Buri|BR|2021-09-21 06:04:48|2021-09-21 18:10:02|7.89|136|10000|16.43|16.43|1015|85|16.35|Clouds|nublado|-48.5928|-23.7975
2021-09-21 19:12:31|Miracatu|BR|2021-09-21 06:00:17|2021-09-21 18:05:29|2.35|173|10000|18.35|18.35|1019|92|18.64|Clouds|nublado|-47.4597|-24.2814
2021-09-21 19:12:35|Pariquera-Açu|BR|2021-09-21 06:01:58|2021-09-21 18:07:10|3.63|166|10000|17.39|17.39|1019|92|17.59|Clouds|nublado|-47.8802|-24.7147
2021-09-21 19:12:38|Monte Azul Paulista|BR|2021-09-21 06:04:56|2021-09-21 18:10:17|3.97|226|10000|31.72|31.72|1007|17|29.6|Clouds|nublado|-48.6414|-20.9072
2021-09-21 19:12:42|Caconde|BR|2021-09-21 05:56:58|2021-09-21 18:02:17|1.71|194|10000|27.62|27.62|1009|28|26.74|Clouds|nublado|-46.6439|-21.5294
2021-09-21 19:12:45|Viradouro|BR|2021-09-21 06:03:33|2021-09-21 18:08:55|1.77|234|10000|35.05|35.05|1007|16|32.7|Clouds|nublado|-48.2969|-20.8731
2021-09-21 19:12:49|Pirapora do Bom Jesus|BR|2021-09-21 05:58:26|2021-09-21 18:03:40|6.74|140|10000|16.88|19.84|1016|83|18.08|Clouds|nublado|-47.0022|-23.3969
2021-09-21 19:12:52|Juquiá|BR|2021-09-21 06:00:59|2021-09-21 18:06:11|2.9|165|10000|18.17|18.17|1019|91|18.42|Clouds|nublado|-47.6347|-24.3208
2021-09-21 19:12:56|Águas de Lindóia|BR|2021-09-21 05:56:56|2021-09-21 18:02:13|4.62|149|10000|21.38|21.38|1011|71|21.43|Clouds|nublado|-46.6328|-22.4764
2021-09-21 19:12:59|Alumínio|BR|2021-09-21 05:59:27|2021-09-21 18:04:42|8.44|137|10000|16.3|19.27|1016|87|19.35|Clouds|nublado|-47.2575|-23.5203
2021-09-21 19:08:18|Nazaré Paulista|BR|2021-09-21 05:56:00|2021-09-21 18:01:15|4.53|136|10000|16.02|17.83|1017|87|17.69|Clouds|nublado|-46.395|-23.1811
2021-09-21 19:13:06|Guareí|BR|2021-09-21 06:03:10|2021-09-21 18:08:24|8.53|141|10000|16.45|16.45|1015|85|16.37|Clouds|nublado|-48.1842|-23.3728
2021-09-21 19:13:10|Colina|BR|2021-09-21 06:04:32|2021-09-21 18:09:53|2.82|251|10000|32.07|32.07|1007|16|29.88|Clouds|nublado|-48.5408|-20.7133
2021-09-21 19:13:13|Mirante do Paranapanema|BR|2021-09-21 06:18:01|2021-09-21 18:23:19|3.38|207|10000|33.21|33.21|1007|17|30.96|Clouds|nublado|-51.9064|-22.2919
2021-09-21 19:13:17|Paraibuna|BR|2021-09-21 05:53:05|2021-09-21 17:58:19|2.88|168|8155|18.99|18.99|1018|90|19.29|Clouds|nublado|-45.6622|-23.3861
2021-09-21 19:12:21|Itirapina|BR|2021-09-21 06:01:41|2021-09-21 18:06:59|7.79|153|10000|24.1|24.1|1011|64|24.24|Clouds|nuvens dispersas|-47.8228|-22.2528
2021-09-21 19:11:55|Cesário Lange|BR|2021-09-21 06:02:14|2021-09-21 18:07:29|9.89|146|10000|17.72|17.72|1014|82|17.69|Clouds|nublado|-47.9531|-23.2267
2021-09-21 19:08:40|Conchas|BR|2021-09-21 06:02:27|2021-09-21 18:07:43|9.33|149|10000|19.62|19.62|1014|79|19.7|Clouds|nublado|-48.0106|-23.0153
2021-09-21 19:13:31|Jacupiranga|BR|2021-09-21 06:02:27|2021-09-21 18:07:39|2.84|162|10000|17.39|17.39|1019|94|17.64|Clouds|nublado|-48.0022|-24.6925
2021-09-21 19:13:34|Elias Fausto|BR|2021-09-21 05:59:55|2021-09-21 18:05:10|9.95|145|10000|20.58|20.58|1014|75|20.65|Clouds|nublado|-47.3739|-23.0428
2021-09-21 19:13:38|Cafelândia|BR|2021-09-21 06:08:50|2021-09-21 18:14:08|1.29|275|10000|31.73|31.73|1007|18|29.64|Clouds|nuvens dispersas|-49.61|-21.8025
2021-09-21 19:13:41|Itaberá|BR|2021-09-21 06:06:59|2021-09-21 18:12:12|8.84|126|10000|17.52|17.52|1014|84|17.52|Clouds|nublado|-49.1372|-23.8619
2021-09-21 19:13:45|Bady Bassitt|BR|2021-09-21 06:08:09|2021-09-21 18:13:30|3.0|206|10000|30.96|30.96|1007|17|28.95|Clouds|nublado|-49.4453|-20.9181
2021-09-21 19:13:48|Severínia|BR|2021-09-21 06:05:35|2021-09-21 18:10:56|4.11|226|10000|31.67|31.67|1007|17|29.56|Clouds|nublado|-48.8028|-20.8094
2021-09-21 19:13:52|Itariri|BR|2021-09-21 05:59:09|2021-09-21 18:04:21|2.1|160|10000|18.37|18.37|1019|95|18.74|Clouds|nublado|-47.1762|-24.2901
2021-09-21 19:13:55|Potirendaba|BR|2021-09-21 06:07:53|2021-09-21 18:13:14|3.1|210|10000|31.44|31.44|1007|18|29.39|Clouds|nublado|-49.3772|-21.0428
2021-09-21 19:13:59|Charqueada|BR|2021-09-21 06:01:31|2021-09-21 18:06:48|7.28|158|10000|21.91|21.91|1013|70|21.98|Clouds|nuvens dispersas|-47.7781|-22.5097
2021-09-21 19:14:02|Macatuba|BR|2021-09-21 06:05:15|2021-09-21 18:10:32|6.51|104|10000|27.02|27.02|1010|42|26.98|Clouds|nublado|-48.7114|-22.5022
2021-09-21 19:14:06|Guapiara|BR|2021-09-21 06:04:34|2021-09-21 18:09:47|5.63|144|801|14.67|14.67|1017|94|14.65|Clouds|nublado|-48.5328|-24.185
2021-09-21 19:14:09|Buritama|BR|2021-09-21 06:10:57|2021-09-21 18:16:18|0.53|291|10000|32.92|32.92|1007|15|30.61|Clouds|nuvens dispersas|-50.1472|-21.0661
2021-09-21 19:14:13|Salesópolis|BR|2021-09-21 05:53:49|2021-09-21 17:59:03|2.78|172|1936|17.71|17.94|1018|93|18.22|Clouds|nublado|-45.8465|-23.5288
2021-09-21 19:14:16|Pindorama|BR|2021-09-21 06:06:00|2021-09-21 18:11:21|4.22|237|10000|31.4|31.4|1007|18|29.35|Clouds|nublado|-48.9072|-21.1858
2021-09-21 19:14:20|Pedregulho|BR|2021-09-21 06:00:16|2021-09-21 18:05:38|0.48|223|10000|27.96|27.96|1009|20|26.72|Clouds|algumas nuvens|-47.4767|-20.2569
2021-09-21 19:14:23|Rosana|BR|2021-09-21 06:22:37|2021-09-21 18:27:55|6.86|200|10000|32.4|32.4|1008|32|31.54|Clouds|nublado|-53.0571|-22.5783
2021-09-21 17:14:27|Tabatinga|BR|2021-09-21 05:29:37|2021-09-21 17:35:56|1.54|120|8000|23.0|24.05|1008|94|23.81|Clouds|nublado|-69.9381|-4.2525
2021-09-21 19:14:30|Ribeirão Branco|BR|2021-09-21 06:05:30|2021-09-21 18:10:43|5.39|138|1883|14.37|14.37|1017|94|14.32|Clouds|nublado|-48.7656|-24.2208
2021-09-21 19:14:34|Ipuã|BR|2021-09-21 06:02:24|2021-09-21 18:07:47|1.56|294|10000|33.64|33.64|1007|17|31.37|Clouds|nublado|-48.0122|-20.4381
2021-09-21 19:14:37|Altinópolis|BR|2021-09-21 05:59:52|2021-09-21 18:05:13|0.16|287|10000|32.64|32.64|1008|21|30.65|Clouds|nuvens dispersas|-47.3739|-21.0256
2021-09-21 19:14:41|Borborema|BR|2021-09-21 06:06:41|2021-09-21 18:12:00|2.97|276|10000|32.08|32.08|1007|18|29.96|Clouds|nublado|-49.0736|-21.6197
2021-09-21 19:14:44|Fartura|BR|2021-09-21 06:08:28|2021-09-21 18:13:43|8.21|113|10000|22.52|22.52|1012|68|22.6|Clouds|nublado|-49.51|-23.3883
2021-09-21 19:14:48|São Lourenço da Serra|BR|2021-09-21 05:58:12|2021-09-21 18:03:26|4.69|150|8393|16.66|18.23|1018|94|17.31|Clouds|nublado|-46.9425|-23.8525
2021-09-22 01:14:51|Panórama|GR|2021-09-22 07:15:21|2021-09-22 19:25:54|1.34|115|10000|17.66|20.55|1019|77|19.42|Clouds|nuvens dispersas|23.0315|40.5878
2021-09-21 19:14:55|Tupi Paulista|BR|2021-09-21 06:16:39|2021-09-21 18:22:00|2.0|224|10000|34.04|34.04|1006|14|31.6|Clouds|nuvens dispersas|-51.5706|-21.3811
2021-09-21 18:14:58|Eldorado|BR|2021-09-21 05:27:33|2021-09-21 17:32:48|7.96|188|10000|27.16|27.16|1012|53|27.77|Clouds|nublado|-54.2836|-23.7869
2021-09-21 19:15:02|Santa Adélia|BR|2021-09-21 06:05:36|2021-09-21 18:10:56|4.17|240|10000|30.88|30.88|1007|18|28.91|Clouds|nublado|-48.8042|-21.2428
2021-09-21 19:15:05|São Simão|BR|2021-09-21 06:00:35|2021-09-21 18:05:55|1.04|154|10000|34.25|34.25|1008|25|32.82|Clouds|nublado|-47.5508|-21.4792
2021-09-21 19:15:09|Itajobi|BR|2021-09-21 06:06:36|2021-09-21 18:11:56|3.71|247|10000|31.75|31.75|1007|18|29.66|Clouds|nublado|-49.0544|-21.3181
2021-09-21 19:15:12|Pinhalzinho|BR|2021-09-21 06:22:26|2021-09-21 18:27:34|2.7|163|10000|14.76|14.76|1019|88|14.59|Rain|chuva forte|-52.9919|-26.8481
2021-09-21 19:15:16|Auriflama|BR|2021-09-21 06:12:35|2021-09-21 18:17:57|1.28|216|10000|32.17|32.17|1007|15|29.94|Clouds|nuvens dispersas|-50.5547|-20.6856
2021-09-21 19:15:19|Itaporanga|BR|2021-09-21 05:22:37|2021-09-21 17:28:42|2.05|122|10000|30.4|30.4|1010|36|29.69|Clouds|nuvens dispersas|-38.1503|-7.3044
2021-09-21 19:15:23|Tarumã|BR|2021-09-21 06:12:43|2021-09-21 18:17:59|1.47|238|10000|32.84|32.84|1007|19|30.72|Clouds|nuvens dispersas|-50.5772|-22.7467
2021-09-21 19:15:26|Ipaussu|BR|2021-09-21 06:08:55|2021-09-21 18:14:11|3.01|135|10000|28.29|28.29|1009|32|27.41|Clouds|nublado|-49.6284|-23.0553
2021-09-21 19:15:30|Luís Antônio|BR|2021-09-21 06:01:12|2021-09-21 18:06:31|0.66|121|10000|28.64|34.32|1008|23|32.64|Clouds|nublado|-47.7034|-21.5525
2021-09-21 19:15:33|Holambra|BR|2021-09-21 05:58:38|2021-09-21 18:03:54|9.26|140|10000|20.31|20.31|1012|70|20.22|Clouds|nublado|-47.0545|-22.6332
2021-09-21 19:15:37|Boa Esperança do Sul|BR|2021-09-21 06:03:57|2021-09-21 18:09:16|6.57|160|10000|31.43|31.43|1009|31|30.29|Clouds|nublado|-48.3908|-21.9925
2021-09-21 19:15:40|Santa Branca|BR|2021-09-21 05:53:58|2021-09-21 17:59:12|3.6|190|8000|18.59|20.47|1019|77|18.8|Clouds|nublado|-45.8839|-23.3967
2021-09-21 19:15:44|Patrocínio Paulista|BR|2021-09-21 05:59:30|2021-09-21 18:04:51|0.81|346|10000|29.64|29.64|1009|22|28.01|Clouds|algumas nuvens|-47.2817|-20.6394
2021-09-21 19:15:47|Serra Azul|BR|2021-09-21 06:00:39|2021-09-21 18:05:58|1.18|160|10000|34.58|34.58|1007|22|32.81|Clouds|nublado|-47.5656|-21.3108
2021-09-21 19:15:51|Flórida Paulista|BR|2021-09-21 06:15:04|2021-09-21 18:20:23|2.96|183|10000|33.16|33.16|1007|16|30.87|Clouds|nuvens dispersas|-51.1706|-21.615
2021-09-21 19:15:54|Pacaembu|BR|2021-09-21 06:15:25|2021-09-21 18:20:45|2.9|181|10000|32.31|32.31|1007|15|30.06|Clouds|nuvens dispersas|-51.2606|-21.5622
2021-09-21 19:15:58|Quatá|BR|2021-09-21 06:13:11|2021-09-21 18:18:29|3.06|228|10000|31.33|31.33|1008|17|29.26|Clouds|nuvens dispersas|-50.6983|-22.2475
2021-09-21 19:16:01|Maracaí|BR|2021-09-21 06:13:04|2021-09-21 18:18:21|1.54|233|10000|32.77|32.77|1007|18|30.6|Clouds|nuvens dispersas|-50.6672|-22.6106
2021-09-21 19:16:05|Itapuí|BR|2021-09-21 06:05:16|2021-09-21 18:10:34|6.62|128|10000|35.0|35.0|1009|34|35.58|Clouds|nublado|-48.7192|-22.2333
2021-09-21 19:16:08|Taguaí|BR|2021-09-21 06:08:03|2021-09-21 18:13:17|8.76|116|10000|20.5|20.5|1012|75|20.56|Clouds|nublado|-49.4054|-23.4534
2021-09-21 19:16:12|Urupês|BR|2021-09-21 06:07:32|2021-09-21 18:12:52|2.84|236|10000|35.63|35.63|1007|17|33.4|Clouds|nublado|-49.29|-21.2017
2021-09-21 19:16:15|Piquete|BR|2021-09-21 05:51:07|2021-09-21 17:56:23|2.86|199|10000|20.53|26.15|1016|86|23.41|Clouds|nuvens dispersas|-45.1761|-22.6136
2021-09-21 19:16:19|Avanhandava|BR|2021-09-21 06:10:11|2021-09-21 18:15:30|1.68|359|10000|32.13|32.13|1007|17|29.96|Clouds|nublado|-49.9497|-21.4608
2021-09-21 19:16:22|Piratininga|BR|2021-09-21 06:06:56|2021-09-21 18:12:14|5.14|120|10000|34.51|34.51|1011|36|35.28|Clear|céu limpo|-49.1347|-22.4128
2021-09-21 19:16:26|Morungaba|BR|2021-09-21 05:57:35|2021-09-21 18:02:51|9.36|136|10000|17.84|19.22|1014|80|19.29|Rain|chuva leve|-46.7917|-22.88
2021-09-21 23:16:29|Queluz|PT|2021-09-21 07:23:52|2021-09-21 19:36:21|0.89|52|10000|15.31|21.96|1017|44|20.32|Clear|céu limpo|-9.2545|38.7566
2021-09-21 19:16:33|Valentim Gentil|BR|2021-09-21 06:10:42|2021-09-21 18:16:05|1.46|232|10000|31.9|31.9|1007|15|29.71|Clear|céu limpo|-50.0875|-20.4222
2021-09-21 19:16:36|Palmares Paulista|BR|2021-09-21 06:05:34|2021-09-21 18:10:55|4.4|231|10000|35.18|35.18|1007|17|32.92|Clouds|nublado|-48.8008|-21.0831
2021-09-21 19:16:39|Joanópolis|BR|2021-09-21 05:55:31|2021-09-21 18:00:47|3.68|140|10000|17.04|17.27|1016|89|17.38|Clouds|nublado|-46.2756|-22.9303
2021-09-21 19:16:43|Ribeirão Bonito|BR|2021-09-21 06:03:06|2021-09-21 18:08:24|8.91|156|10000|28.96|28.96|1010|44|28.94|Clouds|nublado|-48.1761|-22.0667
2021-09-21 19:16:47|Presidente Bernardes|BR|2021-09-21 06:16:36|2021-09-21 18:21:55|2.9|169|10000|33.21|33.21|1007|17|30.96|Clouds|nublado|-51.5531|-22.0061
2021-09-21 19:16:50|Tapiratiba|BR|2021-09-21 05:57:23|2021-09-21 18:02:42|1.75|183|10000|28.17|28.17|1009|26|27.05|Clouds|nublado|-46.7486|-21.4683
2021-09-22 01:15:22|Palestine|PS|2021-09-22 06:27:21|2021-09-22 18:36:33|2.0|285|10000|18.59|21.08|1013|54|20.24|Clear|céu limpo|35.2033|31.9216
2021-09-21 19:16:57|Mineiros do Tietê|BR|2021-09-21 06:04:12|2021-09-21 18:09:29|9.15|139|10000|33.66|33.66|1011|63|40.66|Clouds|nublado|-48.4506|-22.4094
2021-09-21 19:17:00|Sete Barras|BR|2021-09-21 06:02:09|2021-09-21 18:07:21|2.89|148|10000|17.92|17.92|1019|93|18.2|Clouds|nublado|-47.9256|-24.3878
2021-09-21 19:17:04|Cananéia|BR|2021-09-21 06:02:10|2021-09-21 18:07:21|5.84|183|10000|17.54|17.54|1020|89|17.67|Clouds|nublado|-47.9267|-25.0147
2021-09-21 19:17:07|Riolândia|BR|2021-09-21 06:09:04|2021-09-21 18:14:28|1.79|283|10000|33.48|33.48|1007|14|31.08|Clear|céu limpo|-49.6819|-19.9808
2021-09-21 19:17:11|Duartina|BR|2021-09-21 06:08:01|2021-09-21 18:13:18|3.66|228|10000|34.64|34.64|1008|18|32.45|Clouds|nuvens dispersas|-49.4039|-22.4144
2021-09-21 19:17:14|Chavantes|BR|2021-09-21 06:09:15|2021-09-21 18:14:31|1.04|151|10000|29.18|29.18|1008|26|27.81|Clouds|nublado|-49.7094|-23.0389
2021-09-21 19:17:18|Tabapuã|BR|2021-09-21 06:06:30|2021-09-21 18:11:51|4.37|221|10000|35.05|35.05|1007|17|32.79|Clouds|nublado|-49.0317|-20.9642
2021-09-21 19:17:21|Ibirá|BR|2021-09-21 06:07:20|2021-09-21 18:12:41|3.62|220|10000|35.56|35.56|1007|17|33.32|Clouds|nublado|-49.2408|-21.0803
2021-09-21 19:17:25|Bocaina|BR|2021-09-21 06:04:31|2021-09-21 18:09:49|7.4|148|10000|33.67|33.67|1009|44|35.9|Clouds|nublado|-48.5295|-22.1442
2021-09-21 19:17:28|Cardoso|BR|2021-09-21 06:10:00|2021-09-21 18:15:24|1.74|285|10000|32.67|32.67|1007|17|30.46|Clear|céu limpo|-49.9142|-20.0819
2021-09-21 19:17:32|São Sebastião da Grama|BR|2021-09-21 05:57:40|2021-09-21 18:02:59|2.84|161|10000|26.78|26.78|1009|31|26.32|Clouds|nublado|-46.8208|-21.7106
2021-09-21 19:17:35|Guaiçara|BR|2021-09-21 06:09:35|2021-09-21 18:14:55|1.11|338|10000|32.28|32.28|1007|17|30.1|Clouds|nuvens dispersas|-49.8013|-21.6195
2021-09-21 19:17:39|Lavínia|BR|2021-09-21 06:14:32|2021-09-21 18:19:53|0.97|217|10000|32.42|32.42|1006|15|30.16|Clouds|nuvens dispersas|-51.0397|-21.1683
2021-09-21 19:17:42|Sales Oliveira|BR|2021-09-21 06:01:43|2021-09-21 18:07:05|1.23|27|10000|33.83|33.83|1007|18|31.62|Clouds|nublado|-47.8381|-20.7719
2021-09-21 19:17:46|Bofete|BR|2021-09-21 06:03:27|2021-09-21 18:08:42|7.12|151|10000|17.79|17.79|1014|84|17.82|Clouds|nublado|-48.2578|-23.1022
2021-09-21 19:17:49|Iacanga|BR|2021-09-21 06:06:29|2021-09-21 18:11:48|2.59|270|10000|35.09|35.09|1007|18|32.93|Clouds|nublado|-49.0247|-21.89
2021-09-21 19:17:53|Nhandeara|BR|2021-09-21 06:10:31|2021-09-21 18:15:53|1.71|227|10000|35.1|35.1|1007|15|32.67|Clouds|algumas nuvens|-50.0383|-20.6942
2021-09-21 19:17:56|Pirangi|BR|2021-09-21 06:05:00|2021-09-21 18:10:21|4.16|227|10000|31.77|31.77|1007|17|29.65|Clouds|nublado|-48.6578|-21.0914
2021-09-21 19:18:00|Getulina|BR|2021-09-21 06:10:06|2021-09-21 18:15:25|0.43|202|10000|32.61|32.61|1007|16|30.36|Clouds|nuvens dispersas|-49.9286|-21.7986
2021-09-21 19:18:03|Pedro de Toledo|BR|2021-09-21 05:59:22|2021-09-21 18:04:35|1.72|152|10000|18.57|18.57|1019|96|18.99|Clouds|nublado|-47.2328|-24.2747
2021-09-21 19:18:07|Estiva Gerbi|BR|2021-09-21 05:58:13|2021-09-21 18:03:30|6.21|157|10000|28.88|28.88|1010|63|31.29|Clouds|nublado|-46.9525|-22.2755
2021-09-21 19:18:10|Guaraci|BR|2021-09-21 06:06:08|2021-09-21 18:11:31|3.23|252|10000|35.33|35.33|1007|15|32.9|Clouds|nublado|-48.9447|-20.4986
2021-09-21 19:18:14|Nova Europa|BR|2021-09-21 06:04:39|2021-09-21 18:09:58|2.73|246|10000|32.81|32.81|1007|18|30.63|Clouds|nublado|-48.5662|-21.7808
2021-09-21 19:18:17|Ilha Comprida|BR|2021-09-21 06:00:40|2021-09-21 18:05:51|7.73|173|10000|18.72|18.72|1019|85|18.87|Clouds|nublado|-47.5526|-24.7445
2021-09-21 19:18:21|Bernardino de Campos|BR|2021-09-21 06:08:18|2021-09-21 18:13:34|5.86|136|10000|26.42|26.42|1010|37|26.42|Clouds|nublado|-49.4742|-23.0131
2021-09-21 19:18:24|Divinolândia|BR|2021-09-21 05:57:20|2021-09-21 18:02:39|2.08|165|10000|25.86|25.86|1010|30|25.28|Clouds|nublado|-46.7371|-21.6605
2021-09-21 19:18:28|Areiópolis|BR|2021-09-21 06:05:04|2021-09-21 18:10:21|6.68|126|10000|33.76|33.76|1011|55|39.6|Clouds|nublado|-48.665|-22.6681
2021-09-21 19:18:31|Parapuã|BR|2021-09-21 06:13:28|2021-09-21 18:18:47|3.68|204|10000|32.24|32.24|1007|16|30.03|Clouds|nublado|-50.7717|-21.7681
2021-09-21 19:18:35|Bananal|BR|2021-09-21 05:47:43|2021-09-21 17:52:58|2.84|182|10000|20.04|20.04|1016|91|20.48|Clouds|nublado|-44.3233|-22.6836
2021-09-21 19:18:38|São Bento do Sapucaí|BR|2021-09-21 05:53:21|2021-09-21 17:58:37|3.55|165|10000|17.46|24.73|1016|86|23.69|Clouds|nublado|-45.733|-22.6885
2021-09-21 19:18:42|General Salgado|BR|2021-09-21 06:11:48|2021-09-21 18:17:10|1.32|234|10000|31.69|31.69|1007|15|29.53|Clouds|algumas nuvens|-50.3606|-20.6483
2021-09-21 19:18:45|Vera Cruz|BR|2021-09-21 05:34:18|2021-09-21 17:40:04|2.23|78|10000|24.52|24.52|1012|41|24.1|Clear|céu limpo|-41.0333|-12.6333
2021-09-21 19:18:49|Rincão|BR|2021-09-21 06:02:40|2021-09-21 18:07:59|1.87|217|10000|35.12|35.12|1007|22|33.44|Clouds|nublado|-48.0708|-21.5869
2021-09-21 19:18:52|Roseira|BR|2021-09-21 05:51:38|2021-09-21 17:56:54|4.63|220|7000|19.51|26.78|1017|68|22.41|Clouds|nublado|-45.3053|-22.8981
2021-09-21 19:18:56|São Luiz do Paraitinga|BR|2021-09-21 05:51:40|2021-09-21 17:56:55|3.46|181|3891|18.12|21.5|1017|93|20.36|Clouds|nublado|-45.3109|-23.222
2021-09-21 19:18:59|Cajobi|BR|2021-09-21 06:05:36|2021-09-21 18:10:58|4.28|226|10000|34.9|34.9|1007|17|32.63|Clouds|nublado|-48.8094|-20.8797
2021-09-21 19:19:03|Vargem|BR|2021-09-21 05:57:49|2021-09-21 18:03:05|9.74|137|10000|19.64|19.64|1013|78|19.7|Clouds|nublado|-46.85|-22.7333
2021-09-21 19:19:06|Ouroeste|BR|2021-09-21 06:11:50|2021-09-21 18:17:14|0.57|173|10000|31.86|31.86|1007|15|29.67|Clear|céu limpo|-50.3736|-20.0014
dado_indisponivel|Sarapuí|BR|dado_indisponivel|dado_indisponivel|dado_indisponivel|dado_indisponivel|dado_indisponivel|dado_indisponivel|dado_indisponivel|dado_indisponivel|dado_indisponivel|dado_indisponivel|dados_indisponivel|dado_indisponivel|dado_indisponivel|dado_indisponivel
2021-09-21 19:19:13|Uchoa|BR|2021-09-21 06:07:04|2021-09-21 18:12:25|4.03|215|10000|35.17|35.17|1007|17|32.91|Clouds|nublado|-49.1747|-20.9528
2021-09-21 19:19:17|Torrinha|BR|2021-09-21 06:03:05|2021-09-21 18:08:22|8.96|147|10000|22.83|22.83|1012|65|22.87|Clouds|nuvens dispersas|-48.1692|-22.4261
2021-09-21 19:19:20|Rinópolis|BR|2021-09-21 06:13:16|2021-09-21 18:18:36|3.54|207|10000|32.54|32.54|1007|16|30.3|Clouds|nublado|-50.7222|-21.7258
2021-09-21 19:19:24|Porangaba|BR|2021-09-21 06:02:58|2021-09-21 18:08:13|8.24|148|10000|18.06|18.06|1014|84|18.11|Clouds|nublado|-48.1353|-23.1599
2021-09-21 18:19:27|Dumont|US|2021-09-21 06:42:42|2021-09-21 18:55:18|0.45|117|10000|21.05|24.08|1024|77|23.17|Clouds|nublado|-73.9968|40.9407
2021-09-21 19:19:31|Manduri|BR|2021-09-21 06:07:42|2021-09-21 18:12:58|7.97|132|10000|23.58|23.58|1011|52|23.35|Clouds|nublado|-49.3219|-23.0033
2021-09-21 19:19:34|Nova Campina|BR|2021-09-21 06:06:03|2021-09-21 18:11:16|6.39|136|8875|15.01|15.01|1016|91|14.94|Clouds|nublado|-48.9054|-24.1225
2021-09-21 19:19:38|Ariranha|BR|2021-09-21 06:05:31|2021-09-21 18:10:52|4.24|237|10000|31.14|31.14|1007|18|29.13|Clouds|nublado|-48.7869|-21.1878
2021-09-21 19:19:41|Reginópolis|BR|2021-09-21 06:07:17|2021-09-21 18:12:36|2.27|273|10000|35.3|35.3|1007|18|33.15|Clouds|nublado|-49.2253|-21.8881
2021-09-21 19:19:45|Igaratá|BR|2021-09-21 05:55:03|2021-09-21 18:00:18|3.97|146|10000|16.58|20.04|1018|86|18.39|Clouds|nublado|-46.1561|-23.2044
2021-09-21 19:19:48|Herculândia|BR|2021-09-21 06:11:56|2021-09-21 18:17:14|3.29|204|10000|31.5|31.5|1007|17|29.41|Clouds|nublado|-50.3853|-22.0036
2021-09-21 19:19:52|Euclides da Cunha Paulista|BR|2021-09-21 06:20:46|2021-09-21 18:26:04|7.74|206|10000|33.48|33.48|1008|25|31.92|Clouds|nublado|-52.5928|-22.5545
2021-09-21 19:19:55|Terra Roxa|BR|2021-09-21 06:10:33|2021-09-21 18:15:47|3.29|153|10000|27.49|27.49|1010|36|27.02|Clouds|nublado|-50.0314|-23.8557
2021-09-21 19:19:59|Salto Grande|BR|2021-09-21 06:10:21|2021-09-21 18:15:37|1.59|296|10000|32.36|32.36|1007|20|30.32|Clouds|nublado|-49.9856|-22.8928
2021-09-21 19:20:02|Palmeira d'Oeste|BR|2021-09-21 06:13:24|2021-09-21 18:18:47|1.73|186|10000|32|32|1007|15|29.79|Clouds|algumas nuvens|-50.7619|-20.4158
2021-09-21 19:20:06|Iaras|BR|2021-09-21 06:07:03|2021-09-21 18:12:19|5.05|146|10000|33.82|33.82|1010|43|35.9|Clouds|nublado|-49.1594|-22.8743
2021-09-21 17:20:09|Cedral|MX|2021-09-21 07:31:23|2021-09-21 19:40:28|3.64|73|10000|28.76|28.76|1013|24|27.4|Clouds|nuvens dispersas|-100.7333|23.8
2021-09-21 19:20:13|Urânia|BR|2021-09-21 06:12:55|2021-09-21 18:18:19|0.9|202|10000|31.64|31.64|1007|15|29.48|Clear|céu limpo|-50.6431|-20.2461
2021-09-21 19:20:16|Rafard|BR|2021-09-21 06:00:31|2021-09-21 18:05:47|10.77|148|10000|20.95|20.95|1014|77|21.11|Clouds|nublado|-47.5269|-23.0117
2021-09-21 19:20:20|Bálsamo|BR|2021-09-21 06:08:41|2021-09-21 18:14:03|2.7|215|10000|34.95|34.95|1008|17|32.68|Clouds|algumas nuvens|-49.5807|-20.7344
2021-09-21 19:20:23|Paulo de Faria|BR|2021-09-21 06:07:57|2021-09-21 18:13:20|2.13|272|10000|33.61|33.61|1007|14|31.2|Clear|céu limpo|-49.3999|-20.0296
2021-09-21 19:20:27|Neves Paulista|BR|2021-09-21 06:08:54|2021-09-21 18:14:16|2.54|208|10000|34.95|34.95|1007|17|32.68|Clouds|nuvens dispersas|-49.6358|-20.843
2021-09-21 19:20:30|Dobrada|BR|2021-09-21 06:03:57|2021-09-21 18:09:17|2.97|228|10000|31.68|31.68|1007|19|29.64|Clouds|nublado|-48.3939|-21.5167
2021-09-21 19:20:34|São José da Bela Vista|BR|2021-09-21 06:00:55|2021-09-21 18:06:17|1.06|34|10000|33.98|33.98|1008|19|31.85|Clouds|nuvens dispersas|-47.64|-20.5931
2021-09-21 19:20:37|Dourado|BR|2021-09-21 06:03:40|2021-09-21 18:08:58|8.49|155|10000|27.64|27.64|1009|44|27.62|Clouds|nublado|-48.3175|-22.1
2021-09-21 19:20:41|Santa Lúcia|BR|2021-09-21 06:02:43|2021-09-21 18:08:02|2.37|220|10000|34.01|34.01|1007|21|32.07|Clouds|nublado|-48.0842|-21.685
2021-09-21 19:20:44|Vista Alegre do Alto|BR|2021-09-21 06:04:53|2021-09-21 18:10:14|3.91|229|10000|31|31|1007|18|29.01|Clouds|nublado|-48.6292|-21.1706
2021-09-21 19:20:48|Pereiras|BR|2021-09-21 06:01:12|2021-09-21 18:06:29|7.47|156|10000|28.79|28.79|1012|67|31.77|Clouds|nublado|-47.7|-22.3667
2021-09-21 19:20:51|Cristais Paulista|BR|2021-09-21 06:00:03|2021-09-21 18:05:25|0.3|46|10000|28.21|28.21|1009|21|26.91|Clouds|algumas nuvens|-47.4209|-20.4036
2021-09-21 19:20:55|Clementina|BR|2021-09-21 06:12:10|2021-09-21 18:17:30|1.51|245|10000|31.82|31.82|1007|16|29.66|Clouds|nublado|-50.4492|-21.5597
2021-09-21 19:20:58|Ouro Verde|BR|2021-09-21 06:17:10|2021-09-21 18:22:31|1.97|214|10000|34.79|34.79|1006|14|32.31|Rain|chuva leve|-51.7003|-21.4894
2021-09-21 19:21:02|Arealva|BR|2021-09-21 06:06:02|2021-09-21 18:11:20|2.11|220|10000|35.19|35.19|1008|19|33.14|Clouds|nublado|-48.9111|-22.0286
dado_indisponivel|Santo Antônio do Aracanguá|BR|dado_indisponivel|dado_indisponivel|dado_indisponivel|dado_indisponivel|dado_indisponivel|dado_indisponivel|dado_indisponivel|dado_indisponivel|dado_indisponivel|dado_indisponivel|dados_indisponivel|dado_indisponivel|dado_indisponivel|dado_indisponivel
2021-09-21 19:21:09|Estrela d'Oeste|BR|2021-09-21 06:11:57|2021-09-21 18:17:20|0.68|242|10000|31.44|31.44|1007|15|29.31|Clear|céu limpo|-50.3986|-20.2861
2021-09-21 19:21:12|Guaraçaí|BR|2021-09-21 06:15:12|2021-09-21 18:20:34|1.47|266|10000|32.88|32.88|1007|14|30.54|Clouds|algumas nuvens|-51.2099|-21.0338
2021-09-21 19:21:16|Irapuru|BR|2021-09-21 06:15:45|2021-09-21 18:21:05|2.62|181|10000|33.06|33.06|1007|15|30.73|Clouds|nuvens dispersas|-51.345|-21.5708
2021-09-21 19:21:19|Saltinho|BR|2021-09-21 06:01:07|2021-09-21 18:06:23|9.25|145|10000|20.41|20.41|1013|74|20.44|Clouds|nublado|-47.6769|-22.8467
dado_indisponivel|Icém|BR|dado_indisponivel|dado_indisponivel|dado_indisponivel|dado_indisponivel|dado_indisponivel|dado_indisponivel|dado_indisponivel|dado_indisponivel|dado_indisponivel|dado_indisponivel|dados_indisponivel|dado_indisponivel|dado_indisponivel|dado_indisponivel
2021-09-21 19:21:26|Águas da Prata|BR|2021-09-21 05:57:16|2021-09-21 18:02:34|2.64|143|10000|27.5|27.5|1010|43|27.43|Clouds|nublado|-46.7167|-21.9367
2021-09-21 19:21:30|Iepê|BR|2021-09-21 06:14:42|2021-09-21 18:19:59|2.53|223|10000|33.13|33.13|1007|25|31.52|Clouds|nublado|-51.0761|-22.6606
2021-09-21 19:21:33|Macaubal|BR|2021-09-21 06:10:13|2021-09-21 18:15:35|1.61|218|10000|35.12|35.12|1007|16|32.77|Clouds|nuvens dispersas|-49.9639|-20.8058
2021-09-21 19:21:37|Monte Alegre do Sul|BR|2021-09-21 05:57:08|2021-09-21 18:02:24|7.64|141|10000|19.32|19.32|1013|81|19.42|Clouds|nublado|-46.6799|-22.6819
2021-09-21 19:21:40|Bilac|BR|2021-09-21 06:12:15|2021-09-21 18:17:36|1.43|272|10000|32.14|32.14|1007|15|29.92|Clouds|nublado|-50.4706|-21.4033
2021-09-21 19:21:44|Irapuã|BR|2021-09-21 06:08:01|2021-09-21 18:13:21|1.79|252|10000|35.67|35.67|1007|17|33.44|Clouds|nublado|-49.4102|-21.2792
2021-09-21 19:21:47|Lindóia|BR|2021-09-21 05:57:01|2021-09-21 18:02:17|5.34|147|10000|21.93|21.93|1012|73|22.08|Clouds|nublado|-46.65|-22.5231
2021-09-21 19:21:51|Itobi|BR|2021-09-21 05:58:17|2021-09-21 18:03:36|4.55|166|10000|28.45|28.45|1008|30|27.43|Clouds|nuvens dispersas|-46.975|-21.7369
2021-09-21 19:21:54|Tapiraí|BR|2021-09-21 06:00:28|2021-09-21 18:05:41|4.14|158|1163|14.17|14.17|1018|96|14.15|Clouds|nublado|-47.5072|-23.9636
2021-09-21 19:21:58|Catiguá|BR|2021-09-21 06:06:36|2021-09-21 18:11:57|4.25|224|10000|35.19|35.19|1007|17|32.93|Clouds|nublado|-49.0583|-21.0494
2021-09-21 19:22:01|Ibirarema|BR|2021-09-21 06:10:42|2021-09-21 18:15:58|1.68|295|10000|32.35|32.35|1007|19|30.25|Clouds|nuvens dispersas|-50.0725|-22.8175
2021-09-21 19:22:05|Sud Mennucci|BR|2021-09-21 06:14:03|2021-09-21 18:19:25|1.89|196|10000|32.81|32.81|1007|16|30.54|Clouds|nuvens dispersas|-50.9239|-20.6908
2021-09-21 19:22:08|Ribeirão Grande|BR|2021-09-21 06:03:54|2021-09-21 18:09:07|5.85|143|597|14.88|14.88|1017|94|14.88|Clouds|nublado|-48.3679|-24.1011
2021-09-21 19:22:12|São Pedro do Turvo|BR|2021-09-21 06:09:22|2021-09-21 18:14:38|2.57|288|10000|31.78|31.78|1008|18|29.69|Clouds|nublado|-49.7397|-22.7469
dado_indisponivel|Barra do Turvo|BR|dado_indisponivel|dado_indisponivel|dado_indisponivel|dado_indisponivel|dado_indisponivel|dado_indisponivel|dado_indisponivel|dado_indisponivel|dado_indisponivel|dado_indisponivel|dados_indisponivel|dado_indisponivel|dado_indisponivel|dado_indisponivel
2021-09-21 19:22:19|Guatapará|BR|2021-09-21 06:02:19|2021-09-21 18:07:38|0.81|204|10000|34.88|34.88|1007|23|33.29|Clouds|nublado|-47.9833|-21.4833
2021-09-21 19:22:22|Restinga|BR|2021-09-21 06:00:18|2021-09-21 18:05:39|0.92|18|10000|32.69|32.69|1009|21|30.7|Clouds|algumas nuvens|-47.4828|-20.6033
2021-09-21 19:22:26|Ipeúna|BR|2021-09-21 06:01:16|2021-09-21 18:06:33|7.23|158|10000|28.87|28.87|1012|68|32.09|Clouds|nuvens dispersas|-47.7151|-22.4355
2021-09-21 19:22:29|Tarabai|BR|2021-09-21 06:16:38|2021-09-21 18:21:56|2.06|210|10000|32.92|32.92|1010|22|31.01|Clear|céu limpo|-51.5592|-22.3025
2021-09-21 19:22:33|Nuporanga|BR|2021-09-21 06:01:17|2021-09-21 18:06:39|1.32|33|10000|33.77|33.77|1008|19|31.64|Clouds|nublado|-47.7306|-20.7308
2021-09-21 17:22:36|Barbosa|CO|2021-09-21 05:43:55|2021-09-21 17:51:03|0.65|136|10000|19.18|19.18|1011|94|19.61|Clouds|nublado|-73.6151|5.9317
2021-09-21 19:22:40|Paulicéia|BR|2021-09-21 05:56:47|2021-09-21 18:02:00|4.92|105|4000|16.36|17.94|1020|89|16.82|Drizzle|garoa de leve intensidade|-46.5858|-23.6667
2021-09-21 19:22:43|Cosmorama|BR|2021-09-21 06:09:28|2021-09-21 18:14:51|2.04|228|10000|35.11|35.11|1007|15|32.68|Clear|céu limpo|-49.7778|-20.4778
2021-09-21 19:22:47|Lavrinhas|BR|2021-09-21 05:50:01|2021-09-21 17:55:17|2.7|199|10000|23.16|27.06|1015|84|23.72|Clouds|nuvens dispersas|-44.9022|-22.5708
2021-09-21 19:22:50|Jaci|BR|2021-09-21 06:08:39|2021-09-21 18:14:00|2.06|220|10000|34.9|34.9|1011|13|32.36|Clear|céu limpo|-49.57|-20.8822
2021-09-21 19:22:54|Orindiúva|BR|2021-09-21 06:07:45|2021-09-21 18:13:09|2.44|282|10000|33.35|33.35|1007|14|30.97|Clouds|algumas nuvens|-49.3514|-20.1822
2021-09-21 19:22:57|Nova Aliança|BR|2021-09-21 06:08:21|2021-09-21 18:13:42|2.72|200|10000|35.53|35.53|1007|18|33.4|Clouds|nublado|-49.4961|-21.0158
2021-09-21 19:23:01|Jaborandi|BR|2021-09-21 06:04:01|2021-09-21 18:09:23|2.43|267|10000|33.21|33.21|1007|16|30.91|Clouds|nublado|-48.4125|-20.6881
2021-09-21 19:23:04|Santo Antônio da Alegria|BR|2021-09-21 05:58:59|2021-09-21 18:04:19|0.9|204|10000|33.47|33.47|1009|21|31.5|Clouds|nuvens dispersas|-47.1511|-21.0869
2021-09-21 19:23:08|Tuiuti|BR|2021-09-21 05:57:11|2021-09-21 18:02:27|8.55|138|10000|18.93|18.93|1014|83|19.05|Clouds|nublado|-46.6936|-22.8164
2021-09-21 19:23:11|Santo Antônio do Pinhal|BR|2021-09-21 05:53:04|2021-09-21 17:58:20|3.29|172|10000|15.68|22.95|1017|88|17.57|Clouds|nublado|-45.6625|-22.8272
2021-09-21 19:23:15|Anhembi|BR|2021-09-21 06:02:55|2021-09-21 18:08:11|8.99|146|10000|21.06|21.06|1013|75|21.18|Clouds|nublado|-48.1272|-22.7894
2021-09-21 19:23:18|Guarantã|BR|2021-09-21 06:08:45|2021-09-21 18:14:04|1.5|249|10000|31.75|31.75|1007|17|29.63|Clouds|nublado|-49.5897|-21.895
2021-09-21 19:23:22|Natividade da Serra|BR|2021-09-21 05:52:12|2021-09-21 17:57:26|2.94|168|4675|18.3|21.68|1018|94|19.8|Clouds|nublado|-45.4419|-23.3756
2021-09-22 00:23:25|Quintana|ES|2021-09-22 08:06:39|2021-09-22 20:17:34|1.1|136|10000|15.93|16.92|1027|83|16.83|Clouds|nublado|-4.8472|43.4236
2021-09-21 19:23:29|Jambeiro|BR|2021-09-21 05:53:11|2021-09-21 17:58:25|3.6|190|8000|18.43|20.08|1019|77|18.34|Clouds|nublado|-45.6878|-23.2536
2021-09-21 19:23:32|Gália|BR|2021-09-21 06:08:36|2021-09-21 18:13:54|3.55|219|10000|34.39|34.39|1008|18|32.19|Clouds|nuvens dispersas|-49.5528|-22.2914
2021-09-21 19:23:36|Oriente|BR|2021-09-21 05:31:54|2021-09-21 17:37:15|2.57|50|10000|26.94|26.94|1008|74|29.08|Clear|céu limpo|-40.3795|-20.3288
2021-09-21 19:23:39|Itirapuã|BR|2021-09-21 05:59:15|2021-09-21 18:04:36|0.89|324|10000|28.66|28.66|1009|22|27.26|Clouds|algumas nuvens|-47.2192|-20.6408
2021-09-21 16:23:43|Paraíso|CR|2021-09-21 05:24:44|2021-09-21 17:32:13|1.3|32|10000|18.95|20.79|1012|90|20.78|Clouds|nublado|-83.8656|9.8383
2021-09-21 19:23:46|Pardinho|BR|2021-09-21 06:03:55|2021-09-21 18:09:10|6.42|145|10000|16.08|16.08|1014|84|15.94|Clouds|nublado|-48.3736|-23.0811
2021-09-21 19:23:50|Arandu|BR|2021-09-21 06:06:38|2021-09-21 18:11:53|9.68|123|10000|19.88|19.88|1013|74|19.86|Clouds|nublado|-49.0539|-23.1344
2021-09-22 00:23:53|Sales|FR|2021-09-22 07:23:07|2021-09-22 19:34:40|0|0|10000|8.93|13.98|1027|93|10.28|Clear|céu limpo|5.96|45.8758
2021-09-21 19:23:57|Iacri|BR|2021-09-21 06:13:08|2021-09-21 18:18:28|3.66|205|10000|31.94|31.94|1007|16|29.77|Clouds|nublado|-50.6894|-21.8583
2021-09-21 19:24:00|Ubarana|BR|2021-09-21 06:09:14|2021-09-21 18:14:35|0.61|195|10000|35.66|35.66|1007|17|33.43|Clouds|nublado|-49.7175|-21.1656
2021-09-21 19:24:04|Silveiras|BR|2021-09-21 05:49:50|2021-09-21 17:55:05|2.32|191|10000|22.38|22.38|1016|86|22.92|Clouds|nublado|-44.8522|-22.6638
2021-09-21 19:24:07|Taiaçu|BR|2021-09-21 06:04:25|2021-09-21 18:09:46|3.7|220|10000|31.29|31.29|1008|18|29.26|Clouds|nublado|-48.5125|-21.1444
2021-09-21 19:24:11|Taciba|BR|2021-09-21 06:15:32|2021-09-21 18:20:50|2.38|190|10000|33.29|33.29|1007|18|31.09|Clouds|nublado|-51.2847|-22.3897
2021-09-21 17:24:14|Colombia|CO|2021-09-21 05:37:32|2021-09-21 17:44:30|3.73|314|10000|24.81|24.81|1010|86|25.59|Clouds|nublado|-72|4
2021-09-21 19:24:18|Santa Maria da Serra|BR|2021-09-21 06:03:03|2021-09-21 18:08:20|9.09|145|10000|23.39|23.39|1012|69|23.59|Clouds|nublado|-48.1606|-22.5672
2021-09-21 19:24:21|Echaporã|BR|2021-09-21 06:11:12|2021-09-21 18:16:29|1.86|186|10000|30.42|30.42|1008|18|28.53|Clouds|nuvens dispersas|-50.2006|-22.4294
2021-09-21 19:24:25|Pedra Bela|BR|2021-09-21 05:56:11|2021-09-21 18:01:27|5.17|146|10000|17.45|17.45|1015|85|17.47|Rain|chuva moderada|-46.4431|-22.7931
2021-09-21 19:24:28|Águas de Santa Bárbara|BR|2021-09-21 06:07:22|2021-09-21 18:12:38|4.76|148|10000|34.21|34.21|1010|41|36.06|Clouds|nublado|-49.2384|-22.8822
2021-09-21 19:24:32|Poloni|BR|2021-09-21 06:09:39|2021-09-21 18:15:01|2.27|215|10000|35.18|35.18|1007|16|32.83|Clouds|nuvens dispersas|-49.8236|-20.7853
2021-09-21 19:24:35|Coroados|BR|2021-09-21 06:11:30|2021-09-21 18:16:50|1.35|338|10000|32.84|32.84|1007|15|30.54|Clouds|nublado|-50.2814|-21.3519
2021-09-21 19:24:39|Alambari|BR|2021-09-21 06:02:01|2021-09-21 18:07:15|9.6|145|10000|16.95|16.95|1015|86|16.95|Clouds|nublado|-47.898|-23.5503
2021-09-21 19:24:42|Campina do Monte Alegre|BR|2021-09-21 06:04:21|2021-09-21 18:09:35|8.33|133|10000|16.8|16.8|1015|83|16.7|Clouds|nublado|-48.4802|-23.5936
2021-09-21 19:24:46|Santa Albertina|BR|2021-09-21 06:13:15|2021-09-21 18:18:39|0.97|171|10000|32.94|32.94|1006|14|30.6|Clear|céu limpo|-50.7278|-20.0319
2021-09-21 19:24:49|Piacatu|BR|2021-09-21 06:12:46|2021-09-21 18:18:06|2.3|223|10000|32.15|32.15|1007|16|29.95|Clouds|nublado|-50.5966|-21.5902
2021-09-21 19:24:53|Américo de Campos|BR|2021-09-21 06:09:17|2021-09-21 18:14:40|1.7|261|10000|35.36|35.36|1007|14|32.86|Clear|céu limpo|-49.7317|-20.2992
2021-09-21 19:24:56|Santo Antônio do Jardim|BR|2021-09-21 05:57:23|2021-09-21 18:02:41|3.12|146|10000|27.34|27.34|1010|56|28.2|Clouds|nublado|-46.7467|-22.1928
2021-09-21 19:25:00|Caiuá|BR|2021-09-21 06:18:22|2021-09-21 18:23:42|2.94|228|10000|35.06|35.06|1006|14|32.57|Clouds|nublado|-51.9983|-21.8317
dado_indisponivel|Marabá Paulista|BR|dado_indisponivel|dado_indisponivel|dado_indisponivel|dado_indisponivel|dado_indisponivel|dado_indisponivel|dado_indisponivel|dado_indisponivel|dado_indisponivel|dado_indisponivel|dados_indisponivel|dado_indisponivel|dado_indisponivel|dado_indisponivel
2021-09-21 19:25:07|Taquarivaí|BR|2021-09-21 06:05:12|2021-09-21 18:10:26|8.81|137|10000|15.71|15.71|1016|88|15.63|Clouds|nublado|-48.6931|-23.9244
2021-09-21 23:25:10|Novais|PT|2021-09-21 07:18:40|2021-09-21 19:31:40|4.68|67|10000|16.99|18.58|1021|51|17.15|Clear|céu limpo|-8.0208|40.6319
2021-09-21 19:25:14|Três Fronteiras|BR|2021-09-21 06:13:55|2021-09-21 18:19:18|1.55|201|10000|32.57|32.57|1006|16|30.33|Clear|céu limpo|-50.8905|-20.2344
2021-09-21 19:25:17|Luiziânia|BR|2021-09-21 06:11:41|2021-09-21 18:17:01|1.57|212|10000|33.07|33.07|1007|15|30.74|Clouds|nublado|-50.3267|-21.6758
2021-09-21 19:25:21|Fernando Prestes|BR|2021-09-21 06:05:07|2021-09-21 18:10:27|3.91|237|10000|31.14|31.14|1007|18|29.13|Clouds|nublado|-48.6853|-21.2644
2021-09-21 19:25:24|Guaimbê|BR|2021-09-21 06:09:58|2021-09-21 18:15:17|1.17|178|10000|32.29|32.29|1007|17|30.11|Clouds|nublado|-49.8967|-21.91
2021-09-21 19:25:28|Balbinos|BR|2021-09-21 06:07:49|2021-09-21 18:13:08|2.1|266|10000|34.98|34.98|1007|18|32.81|Clouds|nublado|-49.3567|-21.8997
2021-09-21 19:25:31|Barra do Chapéu|BR|2021-09-21 06:06:32|2021-09-21 18:11:45|2.95|140|10000|16.62|16.62|1017|93|16.77|Clouds|nublado|-49.0244|-24.4731
2021-09-21 19:25:35|Braúna|BR|2021-09-21 06:11:39|2021-09-21 18:16:59|1.39|317|10000|32.33|32.33|1007|16|30.11|Clouds|nublado|-50.3175|-21.5015
2021-09-21 19:25:38|Aramina|BR|2021-09-21 06:01:30|2021-09-21 18:06:53|0.98|312|10000|34.25|34.25|1008|18|32.05|Clouds|algumas nuvens|-47.7858|-20.0903
2021-09-21 19:25:42|Santa Ernestina|BR|2021-09-21 06:03:57|2021-09-21 18:09:16|2.93|225|10000|31.5|31.5|1007|19|29.48|Clouds|nublado|-48.3908|-21.4628
2021-09-21 19:25:45|Sabino|BR|2021-09-21 06:08:41|2021-09-21 18:14:01|1.48|314|10000|32.77|32.77|1007|17|30.55|Clouds|nuvens dispersas|-49.5783|-21.4597
2021-09-21 19:25:49|Taiúva|BR|2021-09-21 06:04:11|2021-09-21 18:09:31|3.34|216|10000|31.28|31.28|1008|18|29.25|Clouds|nublado|-48.4517|-21.1239
2021-09-21 19:25:52|Riversul|BR|2021-09-21 06:08:10|2021-09-21 18:13:24|9.28|122|10000|20.73|20.73|1013|75|20.82|Clouds|nublado|-49.4341|-23.8304
2021-09-21 19:25:56|Mendonça|BR|2021-09-21 06:08:42|2021-09-21 18:14:02|1.19|218|10000|35.64|35.64|1007|17|33.41|Clouds|nublado|-49.5808|-21.1667
2021-09-21 19:25:59|Avaí|BR|2021-09-21 06:07:44|2021-09-21 18:13:02|2.83|230|10000|35.04|35.04|1008|18|32.87|Clouds|nublado|-49.3331|-22.1467
2021-09-21 19:26:03|Ipiguá|BR|2021-09-21 06:07:55|2021-09-21 18:13:17|2.06|220|10000|35.13|35.13|1011|13|32.57|Clear|céu limpo|-49.3872|-20.6567
2021-09-21 19:26:06|Salmourão|BR|2021-09-21 06:13:49|2021-09-21 18:19:09|3.02|202|10000|31.95|31.95|1007|16|29.77|Clouds|nublado|-50.8608|-21.6238
2021-09-21 19:26:10|Guzolândia|BR|2021-09-21 06:13:00|2021-09-21 18:18:23|1.54|188|10000|32.28|32.28|1007|15|30.04|Clouds|algumas nuvens|-50.6619|-20.6497
2021-09-21 19:26:13|Pratânia|BR|2021-09-21 06:05:04|2021-09-21 18:10:21|6.99|133|10000|33.45|33.45|1012|64|40.45|Clouds|nublado|-48.6661|-22.8083
2021-09-21 19:26:17|Planalto|BR|2021-09-21 06:22:43|2021-09-21 18:27:50|3.6|141|10000|14.49|16.49|1019|82|16.34|Clouds|nublado|-53.0586|-27.3289
2021-09-21 19:26:20|Álvaro de Carvalho|BR|2021-09-21 06:09:16|2021-09-21 18:14:34|1.98|199|10000|31.28|31.28|1008|18|29.25|Clouds|nublado|-49.7189|-22.0892
2021-09-21 19:26:24|Canitar|BR|2021-09-21 06:09:33|2021-09-21 18:14:49|0.83|285|10000|30.06|30.06|1008|23|28.4|Clouds|nublado|-49.7833|-23.0064
2021-09-21 19:26:27|Nipoã|BR|2021-09-21 06:09:29|2021-09-21 18:14:50|1.96|202|10000|35.58|35.58|1007|17|33.34|Clouds|nuvens dispersas|-49.7778|-20.9133
2021-09-21 16:26:31|Canas|CR|2021-09-21 05:29:36|2021-09-21 17:37:09|1.96|86|10000|27.92|27.92|1009|80|31.9|Clouds|nublado|-85.0931|10.4294
2021-09-21 19:26:34|Analândia|BR|2021-09-21 06:01:03|2021-09-21 18:06:21|8.44|156|10000|28.39|28.39|1011|58|29.79|Clouds|nublado|-47.6631|-22.1264
2021-09-21 19:26:38|Campos Novos Paulista|BR|2021-09-21 06:10:24|2021-09-21 18:15:41|1.48|250|10000|32.1|32.1|1008|18|29.98|Clouds|nuvens dispersas|-49.9987|-22.602
2021-09-21 19:26:41|Itapura|BR|2021-09-21 06:16:23|2021-09-21 18:21:46|2.04|187|10000|34.62|34.62|1006|13|32.09|Clear|céu limpo|-51.5089|-20.6461
2021-09-21 19:26:45|Lagoinha|BR|2021-09-21 05:40:18|2021-09-21 17:45:50|1.64|20|10000|28.15|28.15|1009|37|27.6|Clouds|nuvens dispersas|-42.5025|-16.7193
2021-09-21 18:26:48|Indiana|US|2021-09-21 07:31:53|2021-09-21 19:44:08|0|0|10000|18.81|23.84|1017|65|21.78|Clouds|nublado|-86.2503|40.0003
2021-09-21 19:26:51|Mirassolândia|BR|2021-09-21 06:08:13|2021-09-21 18:13:35|2.65|231|10000|35.01|35.01|1007|16|32.66|Clouds|algumas nuvens|-49.4628|-20.6147
2021-09-21 19:26:55|Narandiba|BR|2021-09-21 06:16:30|2021-09-21 18:21:47|2.25|169|10000|33.07|33.07|1007|18|30.88|Clouds|nublado|-51.5252|-22.4081
2021-09-21 19:26:58|Espírito Santo do Turvo|BR|2021-09-21 06:08:08|2021-09-21 18:13:24|3.19|254|10000|34.82|34.82|1008|18|32.64|Clouds|nublado|-49.4303|-22.6922
2021-09-21 19:27:02|Boracéia|BR|2021-09-21 06:05:31|2021-09-21 18:10:48|4.82|132|10000|34.87|34.87|1009|28|34.1|Clouds|nublado|-48.7789|-22.1931
2021-09-21 19:27:05|Glicério|BR|2021-09-21 06:11:12|2021-09-21 18:16:32|1.42|349|10000|32.92|32.92|1007|16|30.64|Clouds|nublado|-50.2058|-21.3761
2021-09-21 19:27:09|Gastão Vidigal|BR|2021-09-21 06:11:07|2021-09-21 18:16:28|1.4|253|10000|32.31|32.31|1007|15|30.06|Clouds|nuvens dispersas|-50.1869|-20.7986
2021-09-21 19:27:12|Gavião Peixoto|BR|2021-09-21 06:04:22|2021-09-21 18:09:41|2.58|208|10000|32.53|32.53|1008|21|30.54|Clouds|nublado|-48.4947|-21.8389
2021-09-21 19:27:16|Ubirajara|BR|2021-09-21 06:09:03|2021-09-21 18:14:20|3.45|235|10000|34.81|34.81|1008|19|32.73|Clouds|nuvens dispersas|-49.6631|-22.5267
2021-09-21 19:27:19|Santópolis do Aguapeí|BR|2021-09-21 06:12:23|2021-09-21 18:17:42|2.33|219|10000|32|32|1007|16|29.82|Clouds|nublado|-50.4997|-21.6376
2021-09-21 19:27:23|Júlio Mesquita|BR|2021-09-21 06:09:32|2021-09-21 18:14:51|1.74|187|10000|32.24|32.24|1007|17|30.06|Clouds|nublado|-49.7872|-22.0089
2021-09-21 19:27:26|Motuca|BR|2021-09-21 06:02:59|2021-09-21 18:08:19|2.05|217|10000|34.57|34.57|1007|21|32.68|Clouds|nublado|-48.1511|-21.5081
2021-09-21 19:27:30|Ribeirão Corrente|BR|2021-09-21 06:00:43|2021-09-21 18:06:05|0.84|41|10000|29.89|29.89|1008|19|28.12|Clouds|nuvens dispersas|-47.5903|-20.4569
2021-09-21 19:27:33|Coronel Macedo|BR|2021-09-21 06:07:41|2021-09-21 18:12:55|9.51|118|10000|19.02|19.02|1013|78|19.01|Clouds|nublado|-49.3136|-23.6311
2021-09-21 19:27:37|Monteiro Lobato|BR|2021-09-21 05:53:47|2021-09-21 17:59:02|2.93|175|10000|18.73|26|1017|88|19.77|Clouds|nublado|-45.8397|-22.9567
2021-09-21 19:27:40|Pontalinda|BR|2021-09-21 06:12:27|2021-09-21 18:17:50|1.38|193|10000|32.37|32.37|1007|15|30.12|Clear|céu limpo|-50.5233|-20.4408
2021-09-21 19:27:44|Lupércio|BR|2021-09-21 06:09:40|2021-09-21 18:14:57|2.7|217|10000|30.04|30.04|1008|19|28.24|Clouds|nuvens dispersas|-49.8172|-22.415
2021-09-21 19:27:47|Ribeirão do Sul|BR|2021-09-21 06:10:07|2021-09-21 18:15:24|2.13|301|10000|31.99|31.99|1008|19|29.92|Clouds|nublado|-49.9285|-22.7862
2021-09-21 19:27:51|Tejupá|BR|2021-09-21 06:07:56|2021-09-21 18:13:11|8.36|115|10000|20.39|20.39|1012|71|20.34|Clouds|nublado|-49.3772|-23.3437
2021-09-21 19:27:54|João Ramalho|BR|2021-09-21 06:13:28|2021-09-21 18:18:46|3.08|230|10000|32.29|32.29|1008|17|30.11|Clouds|nuvens dispersas|-50.7678|-22.2503
2021-09-21 19:27:58|Santa Cruz da Conceição|BR|2021-09-21 06:00:12|2021-09-21 18:05:30|8.1|157|10000|28.71|28.71|1011|62|30.84|Clouds|nublado|-47.4519|-22.1403
2021-09-21 19:28:01|Murutinga do Sul|BR|2021-09-21 06:15:28|2021-09-21 18:20:50|1.78|272|10000|33.31|33.31|1007|14|30.93|Clouds|algumas nuvens|-51.2775|-20.9933
2021-09-21 19:28:05|Buritizal|BR|2021-09-21 06:01:11|2021-09-21 18:06:34|0.68|349|10000|32.7|32.7|1008|18|30.53|Clouds|nuvens dispersas|-47.7088|-20.1913
2021-09-21 19:28:08|Onda Verde|BR|2021-09-21 06:07:32|2021-09-21 18:12:55|2.91|235|10000|35.12|35.12|1007|16|32.77|Clouds|algumas nuvens|-49.2953|-20.6
2021-09-21 19:28:12|Sandovalina|BR|2021-09-21 06:17:27|2021-09-21 18:22:45|3.09|206|10000|33.25|33.25|1007|18|31.05|Clouds|nublado|-51.7631|-22.4561
2021-09-21 19:25:21|Ocauçu|BR|2021-09-21 06:10:05|2021-09-21 18:15:23|2.41|211|10000|31.04|31.04|1008|19|29.08|Clouds|nuvens dispersas|-49.9228|-22.4389
2021-09-21 19:28:19|Cabrália Paulista|BR|2021-09-21 06:07:45|2021-09-21 18:13:02|3.49|229|10000|34.53|34.53|1008|18|32.34|Clouds|nuvens dispersas|-49.3375|-22.4556
2021-09-21 19:28:22|Itapirapuã Paulista|BR|2021-09-21 06:07:07|2021-09-21 18:12:20|2.79|142|10000|17.98|17.98|1017|93|18.26|Clouds|nublado|-49.1704|-24.5735
2021-09-21 19:28:26|Iporanga|BR|2021-09-21 06:04:49|2021-09-21 18:10:01|1.99|124|8735|18.93|18.93|1018|93|19.31|Clouds|nublado|-48.5931|-24.5856
2021-09-21 19:28:29|Aparecida d'Oeste|BR|2021-09-21 06:13:52|2021-09-21 18:19:15|1.84|185|10000|32.41|32.41|1007|15|30.15|Clouds|algumas nuvens|-50.8797|-20.4494
2021-09-21 19:28:33|Caiabu|BR|2021-09-21 06:15:20|2021-09-21 18:20:38|3.33|174|10000|33.27|33.27|1007|17|31.02|Clouds|nublado|-51.2356|-22.0122
2021-09-21 19:28:36|Populina|BR|2021-09-21 06:12:29|2021-09-21 18:17:54|0.94|120|10000|32.31|32.31|1007|15|30.06|Clear|céu limpo|-50.5375|-19.9328
2021-09-21 19:28:40|Alfredo Marcondes|BR|2021-09-21 06:16:02|2021-09-21 18:21:21|3.03|171|10000|33.21|33.21|1007|17|30.96|Clouds|nublado|-51.4128|-21.9553
2021-09-21 19:28:43|Monte Castelo|BR|2021-09-21 06:16:39|2021-09-21 18:21:59|2.31|241|10000|34.05|34.05|1006|14|31.61|Clouds|algumas nuvens|-51.5686|-21.2994
2021-09-21 19:28:47|Altair|BR|2021-09-21 06:06:36|2021-09-21 18:11:58|3.41|247|10000|34.82|34.82|1007|15|32.4|Clouds|nublado|-49.0589|-20.5236
2021-09-21 19:28:50|Sao Jose do Barreiro|BR|2021-09-21 05:48:44|2021-09-21 17:54:00|1.61|160|10000|23.08|23.08|1016|90|23.79|Clouds|nublado|-44.5805|-22.6452
2021-09-21 19:28:54|Anhumas|BR|2021-09-21 06:15:56|2021-09-21 18:21:14|2.06|210|10000|32.78|32.78|1010|22|30.87|Clear|céu limpo|-51.3873|-22.2956
2021-09-21 19:28:57|Nova Luzitânia|BR|2021-09-21 06:11:25|2021-09-21 18:16:46|1.46|266|10000|32.39|32.39|1007|15|30.13|Clouds|nuvens dispersas|-50.2619|-20.8558
2021-09-21 19:29:01|Alto Alegre|BR|2021-09-21 06:10:50|2021-09-21 18:16:34|1.97|357|10000|32.99|32.99|1008|17|30.75|Clouds|algumas nuvens|-50.1648|-13.2772
2021-09-21 19:29:04|Presidente Alves|BR|2021-09-21 06:08:09|2021-09-21 18:13:27|2.8|231|10000|34.26|34.26|1008|18|32.06|Clouds|nublado|-49.4381|-22.1
2021-09-21 19:29:08|Pracinha|BR|2021-09-21 06:14:44|2021-09-21 18:20:03|3.31|180|10000|33.36|33.36|1007|17|31.1|Clouds|nublado|-51.0862|-21.8537
2021-09-21 19:29:11|Mariápolis|BR|2021-09-21 06:15:06|2021-09-21 18:20:26|2.99|176|10000|33.36|33.36|1007|16|31.05|Clouds|nuvens dispersas|-51.1814|-21.7989
2021-09-21 19:29:15|Paranapuã|BR|2021-09-21 06:12:41|2021-09-21 18:18:05|0.75|166|10000|31.69|31.69|1007|15|29.53|Clear|céu limpo|-50.5859|-20.1034
2021-09-21 19:29:18|Corumbataí|BR|2021-09-21 06:00:54|2021-09-21 18:06:12|8.11|155|10000|29.02|29.02|1011|64|31.71|Clouds|nublado|-47.6258|-22.22
2021-09-21 19:29:22|Inúbia Paulista|BR|2021-09-21 06:14:14|2021-09-21 18:19:33|3.35|188|10000|32.84|32.84|1007|17|30.61|Clouds|nublado|-50.9619|-21.7697
2021-09-21 19:29:25|Nova Independência|BR|2021-09-21 06:16:19|2021-09-21 18:21:41|2.16|256|10000|34.07|34.07|1006|14|31.63|Clouds|algumas nuvens|-51.49|-21.1039
2021-09-21 19:29:28|Suzanápolis|BR|2021-09-21 06:14:27|2021-09-21 18:19:50|1.97|183|10000|33.11|33.11|1007|15|30.78|Clouds|algumas nuvens|-51.0247|-20.5011
dado_indisponivel|Bom Sucesso de Itararé|BR|dado_indisponivel|dado_indisponivel|dado_indisponivel|dado_indisponivel|dado_indisponivel|dado_indisponivel|dado_indisponivel|dado_indisponivel|dado_indisponivel|dado_indisponivel|dados_indisponivel|dado_indisponivel|dado_indisponivel|dado_indisponivel
2021-09-21 19:29:32|Indiaporã|BR|2021-09-21 06:11:30|2021-09-21 18:16:54|0.56|218|10000|32.66|32.66|1007|14|30.35|Clear|céu limpo|-50.2897|-19.98
2021-09-21 23:29:39|Areias|PT|2021-09-21 07:20:05|2021-09-21 19:32:51|2.37|46|10000|13.83|20.65|1019|47|17.73|Clear|céu limpo|-8.3455|39.7335
2021-09-21 19:29:42|Redenção da Serra|BR|2021-09-21 05:52:34|2021-09-21 17:57:49|3.63|166|5057|18.33|21.71|1018|91|19.72|Clouds|nublado|-45.5367|-23.2669
2021-09-21 19:29:46|Meridiano|BR|2021-09-21 06:11:03|2021-09-21 18:16:25|1.26|245|10000|31.73|31.73|1007|15|29.56|Clear|céu limpo|-50.1726|-20.3547
2021-09-21 19:29:49|Itaju|BR|2021-09-21 06:05:37|2021-09-21 18:10:55|2.51|204|10000|34.7|34.7|1008|18|32.51|Clouds|nublado|-48.8047|-21.9817
2021-09-21 19:29:02|Quadra|BR|2021-09-21 06:02:38|2021-09-21 18:07:53|9.36|145|10000|16.96|16.96|1015|85|16.93|Clouds|nublado|-48.0547|-23.2993
2021-09-21 19:29:56|Macedônia|BR|2021-09-21 06:11:07|2021-09-21 18:16:31|1.07|267|10000|32.02|32.02|1007|15|29.81|Clear|céu limpo|-50.1939|-20.1454
2021-09-21 19:30:00|Piquerobi|BR|2021-09-21 06:17:18|2021-09-21 18:22:37|2.46|187|10000|33.05|33.05|1007|15|30.73|Clouds|nublado|-51.7286|-21.8675
2021-09-21 19:30:03|Álvares Florence|BR|2021-09-21 06:10:00|2021-09-21 18:15:23|1.3|210|10000|31.5|31.5|1008|15|29.37|Clear|céu limpo|-49.9106|-20.3208
2021-09-21 19:30:07|Elisiário|BR|2021-09-21 06:06:49|2021-09-21 18:12:10|2.69|239|10000|35.18|35.18|1008|19|33.13|Clouds|nublado|-49.1117|-21.1656
2021-09-21 19:30:10|Sarutaiá|BR|2021-09-21 06:08:20|2021-09-21 18:13:36|7.26|125|10000|17.97|17.97|1014|79|17.89|Clouds|nublado|-49.4803|-23.2731
2021-09-21 19:30:14|Rifaina|BR|2021-09-21 06:00:02|2021-09-21 18:05:25|0.45|98|10000|34.45|34.45|1009|21|32.55|Clouds|algumas nuvens|-47.4214|-20.0806
2021-09-21 19:30:17|Adolfo|BR|2021-09-21 06:08:57|2021-09-21 18:14:17|0.95|318|10000|35.64|35.64|1007|18|33.52|Clouds|nublado|-49.6436|-21.235
2021-09-22 03:30:21|Platina|RU|2021-09-22 06:43:39|2021-09-22 19:00:24|1.76|333|10000|-0.4|-0.4|1024|95|-2.6|Clouds|nuvens dispersas|60.1911|58.6411
2021-09-21 19:30:24|Sebastianópolis do Sul|BR|2021-09-21 06:10:03|2021-09-21 18:15:25|1.2|205|10000|35.56|35.56|1008|17|33.32|Clouds|algumas nuvens|-49.9211|-20.655
2021-09-21 19:30:28|Mombuca|BR|2021-09-21 06:00:41|2021-09-21 18:05:56|8.67|146|10000|20.73|20.73|1015|75|20.82|Clouds|nublado|-47.5651|-22.9293
2021-09-21 19:30:31|Barão de Antonina|BR|2021-09-21 06:08:41|2021-09-21 18:13:55|8.97|117|10000|18.95|18.95|1015|77|18.91|Clouds|nublado|-49.5632|-23.6296
2021-09-21 19:30:35|Águas de São Pedro|BR|2021-09-21 06:01:55|2021-09-21 18:07:11|7.65|151|10000|19.42|19.42|1015|77|19.43|Clouds|nublado|-47.8761|-22.5994
2021-09-21 19:30:38|Pongaí|BR|2021-09-21 06:07:51|2021-09-21 18:13:10|2.75|215|10000|30.35|30.35|1008|19|28.49|Clouds|nuvens dispersas|-49.3667|-21.7364
2021-09-21 19:30:42|Queiroz|BR|2021-09-21 06:11:21|2021-09-21 18:16:40|1.74|139|10000|31.16|31.16|1008|18|29.15|Clouds|nublado|-50.2403|-21.7989
2021-09-21 19:30:46|Jumirim|BR|2021-09-21 06:01:35|2021-09-21 18:06:50|9.12|142|10000|20.62|20.62|1016|78|20.77|Clouds|nublado|-47.7907|-23.0832
2021-09-22 00:30:49|Ribeira|ES|2021-09-22 08:21:07|2021-09-22 20:31:52|1.54|0|10000|15.32|18.22|1025|82|16.28|Clear|céu limpo|-8.4439|42.7461
2021-09-21 19:30:52|Itaóca|BR|2021-09-21 05:24:06|2021-09-21 17:30:27|2.57|90|10000|26.68|26.96|1012|74|29.12|Clouds|algumas nuvens|-38.5551|-3.7726
2021-09-21 19:30:56|Alvinlândia|BR|2021-09-21 06:09:27|2021-09-21 18:14:44|2.24|236|10000|29.74|29.74|1008|19|28|Clouds|nuvens dispersas|-49.7631|-22.4442
2021-09-21 19:30:59|Emilianópolis|BR|2021-09-21 06:16:19|2021-09-21 18:21:38|2.32|182|10000|33.64|33.64|1007|17|31.37|Clouds|nublado|-51.4831|-21.8331
2021-09-21 19:31:03|Jeriquara|BR|2021-09-21 06:00:43|2021-09-21 18:06:05|0.41|43|10000|29.24|29.24|1009|19|27.62|Clouds|nuvens dispersas|-47.5892|-20.3111
2021-09-21 19:31:06|Rubinéia|BR|2021-09-21 06:14:21|2021-09-21 18:19:44|2.23|178|10000|32.28|32.28|1007|17|30.1|Clear|céu limpo|-50.9996|-20.1718
2021-09-22 00:28:03|Arrondissement de Nantes|FR|2021-09-22 07:53:09|2021-09-22 20:04:58|2.57|50|10000|11.5|14.96|1028|63|13.14|Clear|céu limpo|-1.5833|47.1667
2021-09-21 19:31:13|Rubiácea|BR|2021-09-21 06:13:17|2021-09-21 18:18:38|1.81|193|10000|30.69|30.69|1007|16|28.71|Clouds|nuvens dispersas|-50.7296|-21.3006
2021-09-21 19:31:17|Magda|BR|2021-09-21 06:11:16|2021-09-21 18:16:38|0.93|228|10000|30.13|30.13|1008|16|28.25|Clouds|algumas nuvens|-50.2261|-20.6439
2021-09-21 19:31:20|Santo Expedito|BR|2021-09-21 06:15:57|2021-09-21 18:21:16|2.38|175|10000|33.25|33.25|1007|18|31.05|Clouds|nublado|-51.3922|-21.8506
2021-09-21 19:31:24|Pedrinhas Paulista|BR|2021-09-21 06:13:34|2021-09-21 18:18:51|1.75|189|10000|30.34|30.34|1008|23|28.64|Clouds|nublado|-50.7924|-22.8157
2021-09-21 19:31:27|Mira Estrela|BR|2021-09-21 06:10:54|2021-09-21 18:16:17|0.43|189|10000|31.67|31.67|1007|17|29.56|Clear|céu limpo|-50.1372|-19.9794
2021-09-21 19:31:31|Marapoama|BR|2021-09-21 06:06:54|2021-09-21 18:12:14|2.33|251|10000|35.38|35.38|1008|19|33.35|Clouds|nublado|-49.1315|-21.2575
2021-09-21 19:31:34|Bento de Abreu|BR|2021-09-21 06:13:37|2021-09-21 18:18:58|1.54|195|10000|30.69|30.69|1007|16|28.71|Clouds|nuvens dispersas|-50.8119|-21.2706
2021-09-21 19:31:38|Santa Mercedes|BR|2021-09-21 06:17:23|2021-09-21 18:22:44|2.17|211|10000|32.83|32.83|1007|15|30.53|Clouds|nuvens dispersas|-51.7553|-21.3508
2021-09-21 19:31:41|Floreal|BR|2021-09-21 06:10:56|2021-09-21 18:16:18|1.04|225|10000|30.07|30.07|1008|16|28.21|Clouds|algumas nuvens|-50.1453|-20.6767
2021-09-21 19:31:45|Brejo Alegre|BR|2021-09-21 06:11:07|2021-09-21 18:16:27|0.63|342|10000|31.68|31.68|1007|16|29.54|Clouds|nuvens dispersas|-50.1853|-21.1664
2021-09-21 15:30:22|San Francisco|US|2021-09-21 06:56:55|2021-09-21 19:08:23|5.66|310|10000|28.07|39.24|1017|32|31.46|Smoke|fumaça|-122.4194|37.7749
2021-09-21 19:31:52|Taquaral|BR|2021-09-21 05:52:27|2021-09-21 17:57:43|3.46|153|10000|18.7|24.32|1016|66|24.17|Clouds|nublado|-45.5082|-22.5187
2021-09-21 19:31:55|Cândido Rodrigues|BR|2021-09-21 06:04:54|2021-09-21 18:10:14|3.06|237|10000|29.25|29.25|1008|20|27.65|Clouds|nublado|-48.6308|-21.3253
2021-09-21 19:31:59|Gabriel Monteiro|BR|2021-09-21 06:12:36|2021-09-21 18:17:56|1.73|181|10000|30.77|30.77|1008|17|28.79|Clouds|nublado|-50.5547|-21.5311
2021-09-21 19:32:02|Estrela do Norte|BR|2021-09-21 06:17:02|2021-09-21 18:22:20|3.97|214|10000|33.32|33.32|1008|21|31.34|Clouds|nublado|-51.6603|-22.4881
2021-09-21 17:32:06|Zacarías|CO|2021-09-21 05:57:33|2021-09-21 18:04:30|1.29|198|5333|24.28|24.28|1010|95|25.24|Clouds|nublado|-77.0028|3.8158
2021-09-21 19:32:09|Florínea|BR|2021-09-21 06:13:19|2021-09-21 18:18:35|1.86|183|10000|30.05|30.05|1008|22|28.35|Clouds|nublado|-50.7268|-22.9016
2021-09-21 19:32:13|Timburi|BR|2021-09-21 06:08:50|2021-09-21 18:14:06|7.65|129|10000|18.83|18.83|1014|76|18.75|Clouds|nublado|-49.6067|-23.2053
2021-09-21 19:32:16|Borebi|BR|2021-09-21 06:06:17|2021-09-21 18:11:34|6.51|116|10000|34|34|1012|58|41|Clouds|nublado|-48.9711|-22.5694
2021-09-21 19:32:20|Lutécia|BR|2021-09-21 06:11:58|2021-09-21 18:17:16|2.38|212|10000|30.57|30.57|1008|19|28.68|Clouds|nuvens dispersas|-50.394|-22.3384
2021-09-21 19:32:24|Oscar Bressane|BR|2021-09-21 06:11:31|2021-09-21 18:16:49|2.51|209|10000|30.8|30.8|1008|19|28.87|Clouds|nuvens dispersas|-50.2814|-22.3183
2021-09-21 19:32:27|Pontes Gestal|BR|2021-09-21 06:09:10|2021-09-21 18:14:33|1.63|241|10000|31.98|31.98|1008|15|29.78|Clear|céu limpo|-49.7033|-20.1667
2021-09-21 19:32:31|São João das Duas Pontes|BR|2021-09-21 06:11:52|2021-09-21 18:17:15|1.04|184|10000|30.89|30.89|1008|16|28.87|Clear|céu limpo|-50.3789|-20.3878
2021-09-21 19:32:34|Cássia dos Coqueiros|BR|2021-09-21 05:59:02|2021-09-21 18:04:22|1.25|193|10000|32.61|32.61|1009|26|31.06|Clouds|nublado|-47.1643|-21.2801
2021-09-21 19:32:38|Santa Rita d'Oeste|BR|2021-09-21 06:13:40|2021-09-21 18:19:04|1.87|172|10000|31.34|31.34|1007|16|29.25|Clear|céu limpo|-50.8318|-20.1448
2021-09-21 19:32:41|Óleo|BR|2021-09-21 06:07:46|2021-09-21 18:13:02|10.1|133|10000|18.95|18.95|1013|76|18.89|Clouds|nublado|-49.3408|-22.9423
2021-09-21 19:32:45|Pedranópolis|BR|2021-09-21 06:10:47|2021-09-21 18:16:11|1.32|203|10000|31.54|31.54|1008|15|29.4|Clear|céu limpo|-50.1103|-20.2475
2021-09-21 19:32:48|Arapeí|BR|2021-09-21 05:48:13|2021-09-21 17:53:28|2.32|166|9527|20.33|20.33|1017|91|20.79|Clouds|nublado|-44.4478|-22.6739
2021-09-21 19:32:52|Embaúba|BR|2021-09-21 06:05:43|2021-09-21 18:11:04|4.06|224|10000|34.9|34.9|1008|19|32.82|Clouds|nublado|-48.8356|-20.9825
2021-09-21 23:32:55|Sagres|PT|2021-09-21 07:22:50|2021-09-21 19:34:53|1.07|353|10000|21.12|21.12|1015|77|21.3|Clear|céu limpo|-8.9431|37.0086
2021-09-21 19:32:59|Torre de Pedra|BR|2021-09-21 06:03:12|2021-09-21 18:08:27|7.33|146|10000|17.12|17.12|1017|84|17.08|Clouds|nublado|-48.1941|-23.2478
2021-09-21 19:33:02|Lucianópolis|BR|2021-09-21 06:08:29|2021-09-21 18:13:47|3.31|211|10000|34.56|34.56|1009|20|32.56|Clouds|nuvens dispersas|-49.5225|-22.4311
2021-09-21 19:33:06|Nova Guataporanga|BR|2021-09-21 06:16:57|2021-09-21 18:22:18|2.34|212|10000|32.99|32.99|1007|15|30.67|Clouds|nuvens dispersas|-51.6466|-21.333
2021-09-22 00:30:04|Lourdes|FR|2021-09-22 07:47:29|2021-09-22 19:58:22|3.09|180|10000|11.71|12.51|1026|100|11.55|Clear|céu limpo|-0.05|43.1
2021-09-21 19:33:13|Monções|BR|2021-09-21 06:10:44|2021-09-21 18:16:05|0.71|242|10000|30.77|30.77|1008|16|28.77|Clouds|algumas nuvens|-50.0917|-20.8503
2021-09-21 19:33:16|Ribeirão dos Índios|BR|2021-09-21 06:16:51|2021-09-21 18:22:10|2.56|189|10000|33.35|33.35|1007|17|31.09|Clouds|nublado|-51.6167|-21.8167
2021-09-21 19:33:20|Parisi|BR|2021-09-21 06:10:24|2021-09-21 18:15:47|1.26|202|10000|31.35|31.35|1008|15|29.24|Clear|céu limpo|-50.0136|-20.3039
2021-09-21 19:33:23|Santa Cruz da Esperança|BR|2021-09-21 06:00:06|2021-09-21 18:05:26|2.25|179|10000|34.64|34.64|1009|28|33.79|Clouds|nublado|-47.431|-21.2919
2021-09-21 19:33:27|Dolcinópolis|BR|2021-09-21 06:12:24|2021-09-21 18:17:48|1.13|156|10000|30.25|30.25|1008|16|28.35|Clear|céu limpo|-50.5133|-20.1231
2021-09-21 19:33:30|Santa Clara d'Oeste|BR|2021-09-21 06:14:03|2021-09-21 18:19:27|1.74|179|10000|32.16|32.16|1007|16|29.96|Clear|céu limpo|-50.9264|-20.0939
2021-09-21 19:33:34|Marinópolis|BR|2021-09-21 06:13:39|2021-09-21 18:19:01|1.78|182|10000|30.88|30.88|1007|16|28.86|Clear|céu limpo|-50.8231|-20.4406
2021-09-21 19:33:37|São João do Pau d'Alho|BR|2021-09-21 06:17:02|2021-09-21 18:22:23|2.49|215|10000|32.91|32.91|1007|15|30.6|Clouds|nuvens dispersas|-51.6655|-21.2702
2021-09-21 19:33:41|Cruzália|BR|2021-09-21 06:13:35|2021-09-21 18:18:51|1.51|190|10000|31.33|31.33|1008|23|29.52|Clouds|nublado|-50.7936|-22.7356
2021-09-21 19:33:44|Turiúba|BR|2021-09-21 06:10:48|2021-09-21 18:16:09|0.45|288|10000|31.17|31.17|1007|16|29.1|Clouds|nuvens dispersas|-50.1075|-20.9333
2021-09-21 19:33:48|Guarani d'Oeste|BR|2021-09-21 06:11:42|2021-09-21 18:17:06|0.9|163|10000|30.9|30.9|1008|15|28.86|Clear|céu limpo|-50.3398|-20.0748
2021-09-21 19:33:51|São João de Iracema|BR|2021-09-21 06:11:46|2021-09-21 18:17:08|0.81|186|10000|30.94|30.94|1008|16|28.91|Clouds|algumas nuvens|-50.3526|-20.5134
2021-09-21 19:33:55|Mesópolis|BR|2021-09-21 06:12:50|2021-09-21 18:18:14|0.91|135|10000|31.45|31.45|1007|16|29.34|Clear|céu limpo|-50.6212|-19.9673
2021-09-21 19:33:58|Nova Canaã Paulista|BR|2021-09-21 06:14:09|2021-09-21 18:19:32|2.07|178|10000|31.3|31.3|1007|17|29.24|Clear|céu limpo|-50.9482|-20.3872
2021-09-21 19:34:02|União Paulista|BR|2021-09-21 06:09:58|2021-09-21 18:15:19|0.62|213|10000|35.45|35.45|1008|17|33.21|Clouds|nuvens dispersas|-49.8987|-20.8878
2021-09-21 19:34:05|Vitória Brasil|BR|2021-09-21 06:12:17|2021-09-21 18:17:41|1.22|167|10000|30.14|30.14|1008|16|28.26|Clear|céu limpo|-50.4848|-20.1979
2021-09-21 19:34:09|Paulistânia|BR|2021-09-21 06:08:01|2021-09-21 18:13:18|5.18|156|10000|34.58|34.58|1010|36|35.4|Clouds|nublado|-49.4028|-22.5783
2021-09-21 19:34:12|Aspásia|BR|2021-09-21 06:13:15|2021-09-21 18:18:39|1.78|167|10000|30.97|30.97|1007|16|28.94|Clear|céu limpo|-50.728|-20.16
2021-09-21 19:34:16|Dirce Reis|BR|2021-09-21 06:12:47|2021-09-21 18:18:09|1.37|185|10000|31.01|31.01|1007|16|28.97|Clear|céu limpo|-50.6063|-20.4664
2021-09-21 19:34:19|Arco-Íris|BR|2021-09-21 06:12:15|2021-09-21 18:17:34|2.61|190|10000|31.55|31.55|1008|17|29.45|Clouds|nublado|-50.4667|-21.7738
2021-09-21 19:34:23|Turmalina|BR|2021-09-21 05:41:13|2021-09-21 17:46:43|0.88|75|10000|28.06|28.06|1010|33|27.29|Clouds|nublado|-42.73|-17.2856
2021-09-21 19:34:26|Trabiju|BR|2021-09-21 06:03:44|2021-09-21 18:09:02|8|148|10000|25.41|25.41|1011|60|25.57|Clouds|nublado|-48.335|-22.0411
2021-09-21 19:34:30|Fernão|BR|2021-09-21 06:08:29|2021-09-21 18:13:46|3.06|215|10000|34.43|34.43|1009|20|32.42|Clouds|nuvens dispersas|-49.521|-22.3595
2021-09-21 19:34:33|Santa Salete|BR|2021-09-21 06:13:06|2021-09-21 18:18:30|2.03|171|10000|30.36|30.36|1008|16|28.44|Clear|céu limpo|-50.689|-20.2452
2021-09-21 19:34:37|Santana da Ponte Pensa|BR|2021-09-21 06:13:32|2021-09-21 18:18:56|2.33|172|10000|30.49|30.49|1008|16|28.54|Clear|céu limpo|-50.7976|-20.2544
2021-09-21 19:34:40|Flora Rica|BR|2021-09-21 06:15:54|2021-09-21 18:21:14|2.25|176|10000|33.37|33.37|1007|17|31.11|Clouds|nublado|-51.3805|-21.676
2021-09-21 19:34:44|Nova Castilho|BR|2021-09-21 06:11:44|2021-09-21 18:17:06|1.1|239|10000|31.09|31.09|1007|16|29.04|Clouds|nuvens dispersas|-50.3427|-20.7638
2021-09-21 19:34:47|Uru|BR|2021-09-21 06:07:31|2021-09-21 18:12:50|2.67|215|10000|35.1|35.1|1008|19|33.04|Clouds|nuvens dispersas|-49.282|-21.7846
2021-09-21 19:34:51|Borá|BR|2021-09-21 06:12:32|2021-09-21 18:17:50|2.87|209|10000|30.83|30.83|1008|18|28.87|Clouds|nublado|-50.5344|-22.2697
